year,iso3,country,dogs_m,cats_m
2000,AFG,Afghanistan,0.2235,0.1504
2000,AGO,Angola,0.3926,0.2913
2000,ALB,Albania,0.0909,0.092
2000,AND,Andorra,0.008,0.0089
2000,ARE,United Arab Emirates,0.4548,0.5748
2000,ARG,Argentina,6.1868,1.9128
2000,ARM,Armenia,0.182,0.2299
2000,ATG,Antigua and Barbuda,0.0067,0.0044
2000,AUS,Australia,2.3548,1.6453
2000,AUT,Austria,0.827,2.034
2000,AZE,Azerbaijan,0.3639,0.4598
2000,BDI,Burundi,0.1448,0.1074
2000,BEL,Belgium,1.9203,2.0696
2000,BEN,Benin,0.149,0.1105
2000,BFA,Burkina Faso,0.2421,0.1797
2000,BGD,Bangladesh,1.2959,0.8722
2000,BGR,Bulgaria,0.7311,0.7822
2000,BHR,Bahrain,0.0325,0.041
2000,BHS,Bahamas,0.0289,0.019
2000,BIH,Bosnia and Herzegovina,0.1637,0.1662
2000,BLR,Belarus,0.4883,0.5513
2000,BLZ,Belize,0.0391,0.0187
2000,BOL,Bolivia,1.5399,0.5866
2000,BRA,Brazil,22.6021,12.1458
2000,BRB,Barbados,0.0203,0.0133
2000,BRN,Brunei,0.0212,0.0107
2000,BTN,Bhutan,0.0059,0.0039
2000,BWA,Botswana,0.1117,0.0829
2000,CAF,Central African Republic,0.0555,0.0411
2000,CAN,Canada,4.1382,8.3
2000,CHE,Switzerland,0.5234,1.0191
2000,CHL,Chile,1.0984,0.4184
2000,CHN,China,19.4012,15.4975
2000,CIV,Ivory Coast,0.298,0.2211
2000,CMR,Cameroon,0.2235,0.1658
2000,COD,DR Congo,1.1349,0.842
2000,COG,Republic of the Congo,0.0652,0.0484
2000,COL,Colombia,3.3624,1.2809
2000,COM,Comoros,0.0089,0.0066
2000,CPV,Cape Verde,0.0053,0.0039
2000,CRI,Costa Rica,0.4764,0.2281
2000,CUB,Cuba,0.7849,0.516
2000,CYP,Cyprus,0.0511,0.0444
2000,CZE,Czechia,0.8482,2.4223
2000,DEU,Germany,5.3,7.0669
2000,DJI,Djibouti,0.0119,0.0088
2000,DMA,Dominica,0.0047,0.0031
2000,DNK,Denmark,0.4971,0.7217
2000,DOM,Dominican Republic,0.8269,0.5435
2000,DZA,Algeria,0.6995,0.8622
2000,ECU,Ecuador,2.2384,0.8527
2000,EGY,Egypt,1.1658,1.437
2000,ERI,Eritrea,0.0363,0.0269
2000,ESP,Spain,5.742,3.235
2000,EST,Estonia,0.0801,0.285
2000,ETH,Ethiopia,0.7451,0.5528
2000,FIN,Finland,1.4015,0.4805
2000,FJI,Fiji,0.0582,0.0382
2000,FRA,France,9.1585,9.2285
2000,FSM,Micronesia,0.0071,0.0047
2000,GAB,Gabon,0.0261,0.0194
2000,GBR,United Kingdom,5.6597,10.0984
2000,GEO,Georgia,0.2275,0.2874
2000,GHA,Ghana,0.3725,0.2764
2000,GIN,Guinea,0.1519,0.1127
2000,GMB,Gambia,0.0284,0.0211
2000,GNB,Guinea-Bissau,0.0226,0.0168
2000,GNQ,Equatorial Guinea,0.0195,0.0145
2000,GRC,Greece,0.66,0.6
2000,GRD,Grenada,0.0084,0.0055
2000,GTM,Guatemala,1.7278,0.8271
2000,GUY,Guyana,0.1023,0.039
2000,HND,Honduras,1.0175,0.4871
2000,HRV,Croatia,0.6423,0.3543
2000,HTI,Haiti,0.8545,0.5617
2000,HUN,Hungary,1.5337,1.5746
2000,IDN,Indonesia,2.4864,1.2536
2000,IND,India,7.4504,5.0146
2000,IRL,Ireland,0.4074,0.325
2000,IRN,Iran,1.4901,1.0029
2000,IRQ,Iraq,0.2275,0.2874
2000,ISL,Iceland,0.0225,0.0298
2000,ISR,Israel,0.1879,0.2374
2000,ITA,Italy,5.8727,5.8096
2000,JAM,Jamaica,0.2036,0.1339
2000,JOR,Jordan,0.1365,0.1724
2000,JPN,Japan,16.5871,12.4759
2000,KAZ,Kazakhstan,1.1446,1.2191
2000,KEN,Kenya,0.7451,0.5528
2000,KGZ,Kyrgyzstan,0.2862,0.3048
2000,KHM,Cambodia,0.8094,0.4081
2000,KIR,Kiribati,0.0085,0.0056
2000,KNA,Saint Kitts and Nevis,0.0034,0.0022
2000,KOR,South Korea,2.4482,1.0029
2000,KWT,Kuwait,0.0992,0.1254
2000,LAO,Laos,0.357,0.18
2000,LBN,Lebanon,0.1155,0.1459
2000,LBR,Liberia,0.0577,0.0427
2000,LBY,Libya,0.2332,0.2874
2000,LCA,Saint Lucia,0.0129,0.0085
2000,LIE,Liechtenstein,0.0018,0.0064
2000,LKA,Sri Lanka,0.1713,0.1153
2000,LSO,Lesotho,0.0238,0.0176
2000,LTU,Lithuania,0.4677,0.6
2000,LUX,Luxembourg,0.0624,0.0831
2000,LVA,Latvia,0.219,0.4
2000,MAR,Morocco,0.4664,0.5748
2000,MCO,Monaco,0.0036,0.0042
2000,MDA,Moldova,0.1672,0.1686
2000,MDG,Madagascar,0.2235,0.1658
2000,MDV,Maldives,0.0039,0.0026
2000,MEX,Mexico,8.405,4.0236
2000,MHL,Marshall Islands,0.0022,0.0015
2000,MKD,North Macedonia,0.0745,0.075
2000,MLI,Mali,0.2535,0.188
2000,MLT,Malta,0.0641,0.0701
2000,MMR,Myanmar,2.4876,1.2542
2000,MNE,Montenegro,0.0338,0.0347
2000,MNG,Mongolia,0.1255,0.0864
2000,MOZ,Mozambique,0.3584,0.2659
2000,MRT,Mauritania,0.0535,0.0397
2000,MUS,Mauritius,0.0128,0.0095
2000,MWI,Malawi,0.2235,0.1658
2000,MYS,Malaysia,0.4267,1.0029
2000,NAM,Namibia,0.0745,0.0553
2000,NER,Niger,0.2808,0.2083
2000,NGA,Nigeria,2.2351,1.6583
2000,NIC,Nicaragua,0.6479,0.3102
2000,NLD,Netherlands,1.8479,3.2409
2000,NOR,Norway,0.3889,0.77
2000,NPL,Nepal,0.2184,0.147
2000,NRU,Nauru,0.0007,0.0005
2000,NZL,New Zealand,0.8663,0.6296
2000,OMN,Oman,0.1085,0.1371
2000,PAK,Pakistan,3.7252,2.5073
2000,PAN,Panama,0.4226,0.2023
2000,PER,Peru,4.2366,1.6139
2000,PHL,Philippines,4.4923,0.5015
2000,PLW,Palau,0.0011,0.0007
2000,PNG,Papua New Guinea,0.1858,0.1219
2000,POL,Poland,8.8,5.1257
2000,PRK,North Korea,0.9478,0.6529
2000,PRT,Portugal,2.2889,1.5
2000,PRY,Paraguay,0.8584,0.327
2000,PSE,Palestine,0.1103,0.1394
2000,QAT,Qatar,0.0615,0.0777
2000,ROU,Romania,4.368,5.7608
2000,RUS,Russian Federation,31.2023,44.5747
2000,RWA,Rwanda,0.1466,0.1087
2000,SAU,Saudi Arabia,0.6823,0.8622
2000,SDN,Sudan,0.795,0.9799
2000,SEN,Senegal,0.1904,0.1413
2000,SGP,Singapore,0.1765,0.089
2000,SLB,Solomon Islands,0.0523,0.0343
2000,SLE,Sierra Leone,0.0887,0.0658
2000,SLV,El Salvador,0.5886,0.2818
2000,SMR,San Marino,0.0032,0.0036
2000,SOM,Somalia,0.1977,0.1467
2000,SRB,Serbia,0.4011,0.4234
2000,SSD,South Sudan,0.1226,0.0909
2000,STP,Sao Tome and Principe,0.0024,0.0018
2000,SUR,Suriname,0.0783,0.0298
2000,SVK,Slovakia,0.9037,0.6777
2000,SVN,Slovenia,0.2486,0.8305
2000,SWE,Sweden,1.1296,1.4792
2000,SWZ,Eswatini,0.0126,0.0094
2000,SYC,Seychelles,0.0013,0.001
2000,SYR,Syria,0.1365,0.1724
2000,TCD,Chad,0.2112,0.1567
2000,TGO,Togo,0.0978,0.0725
2000,THA,Thailand,11.2772,1.5044
2000,TJK,Tajikistan,0.2289,0.2438
2000,TKM,Turkmenistan,0.4007,0.4267
2000,TLS,Timor-Leste,0.0643,0.0325
2000,TON,Tonga,0.0065,0.0043
2000,TTO,Trinidad and Tobago,0.1084,0.0713
2000,TUN,Tunisia,0.2798,0.3449
2000,TUR,Turkey,1.0341,1.3733
2000,TUV,Tuvalu,0.0006,0.0004
2000,TWN,Taiwan,0.8246,0.5679
2000,TZA,Tanzania,0.5215,0.3869
2000,UGA,Uganda,0.5168,0.3835
2000,UKR,Ukraine,4.3207,6.183
2000,URY,Uruguay,0.4142,0.1578
2000,USA,United States,59.6911,66.5915
2000,UZB,Uzbekistan,0.5723,0.6096
2000,VAT,Vatican City,0.0001,0.0001
2000,VCT,Saint Vincent and the Grenadines,0.0072,0.0047
2000,VEN,Venezuela,3.4902,1.3296
2000,VNM,Vietnam,1.2191,0.351
2000,VUT,Vanuatu,0.0209,0.0137
2000,WSM,Samoa,0.0137,0.009
2000,XKX,Kosovo,0.0451,0.046
2000,YEM,Yemen,0.8247,1.0421
2000,ZAF,South Africa,0.6705,0.4975
2000,ZMB,Zambia,0.1863,0.1382
2000,ZWE,Zimbabwe,0.2608,0.1935
2001,AFG,Afghanistan,0.2277,0.1544
2001,AGO,Angola,0.4,0.2979
2001,ALB,Albania,0.0915,0.0928
2001,AND,Andorra,0.008,0.009
2001,ARE,United Arab Emirates,0.46,0.5869
2001,ARG,Argentina,6.2796,1.9501
2001,ARM,Armenia,0.184,0.2347
2001,ATG,Antigua and Barbuda,0.0068,0.0045
2001,AUS,Australia,2.462,1.7357
2001,AUT,Austria,0.827,2.034
2001,AZE,Azerbaijan,0.368,0.4695
2001,BDI,Burundi,0.1475,0.1098
2001,BEL,Belgium,1.8627,2.052
2001,BEN,Benin,0.1518,0.113
2001,BFA,Burkina Faso,0.2467,0.1837
2001,BGD,Bangladesh,1.3202,0.8951
2001,BGR,Bulgaria,0.7316,0.7832
2001,BHR,Bahrain,0.0328,0.0418
2001,BHS,Bahamas,0.0293,0.0194
2001,BIH,Bosnia and Herzegovina,0.1647,0.1677
2001,BLR,Belarus,0.4913,0.5563
2001,BLZ,Belize,0.0397,0.0191
2001,BOL,Bolivia,1.563,0.5981
2001,BRA,Brazil,23.8452,12.1092
2001,BRB,Barbados,0.0205,0.0136
2001,BRN,Brunei,0.0216,0.0109
2001,BTN,Bhutan,0.006,0.004
2001,BWA,Botswana,0.1138,0.0848
2001,CAF,Central African Republic,0.0565,0.0421
2001,CAN,Canada,4.2984,8.3
2001,CHE,Switzerland,0.5223,1.0462
2001,CHL,Chile,1.1149,0.4266
2001,CHN,China,20.4682,16.3499
2001,CIV,Ivory Coast,0.3036,0.2261
2001,CMR,Cameroon,0.2277,0.1696
2001,COD,DR Congo,1.1561,0.8609
2001,COG,Republic of the Congo,0.0665,0.0495
2001,COL,Colombia,3.4129,1.3059
2001,COM,Comoros,0.0091,0.0067
2001,CPV,Cape Verde,0.0054,0.004
2001,CRI,Costa Rica,0.4843,0.2329
2001,CUB,Cuba,0.7955,0.5257
2001,CYP,Cyprus,0.0514,0.0448
2001,CZE,Czechia,0.8896,2.3497
2001,DEU,Germany,5.3,7.1727
2001,DJI,Djibouti,0.0122,0.009
2001,DMA,Dominica,0.0048,0.0032
2001,DNK,Denmark,0.5021,0.719
2001,DOM,Dominican Republic,0.838,0.5537
2001,DZA,Algeria,0.709,0.8803
2001,ECU,Ecuador,2.272,0.8693
2001,EGY,Egypt,1.1815,1.4672
2001,ERI,Eritrea,0.037,0.0275
2001,ESP,Spain,5.6281,3.2511
2001,EST,Estonia,0.0845,0.285
2001,ETH,Ethiopia,0.759,0.5652
2001,FIN,Finland,1.3595,0.4975
2001,FJI,Fiji,0.0591,0.0389
2001,FRA,France,8.9892,9.392
2001,FSM,Micronesia,0.0072,0.0048
2001,GAB,Gabon,0.0266,0.0198
2001,GBR,United Kingdom,5.859,9.8659
2001,GEO,Georgia,0.23,0.2934
2001,GHA,Ghana,0.3795,0.2826
2001,GIN,Guinea,0.1547,0.1152
2001,GMB,Gambia,0.0289,0.0216
2001,GNB,Guinea-Bissau,0.023,0.0172
2001,GNQ,Equatorial Guinea,0.0199,0.0148
2001,GRC,Greece,0.66,0.6
2001,GRD,Grenada,0.0085,0.0056
2001,GTM,Guatemala,1.7563,0.8445
2001,GUY,Guyana,0.1038,0.0398
2001,HND,Honduras,1.0343,0.4973
2001,HRV,Croatia,0.6461,0.3575
2001,HTI,Haiti,0.8661,0.5723
2001,HUN,Hungary,1.6181,1.6282
2001,IDN,Indonesia,2.5331,1.2865
2001,IND,India,7.5901,5.1462
2001,IRL,Ireland,0.4097,0.325
2001,IRN,Iran,1.518,1.0292
2001,IRQ,Iraq,0.23,0.2934
2001,ISL,Iceland,0.0227,0.0301
2001,ISR,Israel,0.19,0.2424
2001,ITA,Italy,5.9767,5.9519
2001,JAM,Jamaica,0.2063,0.1364
2001,JOR,Jordan,0.138,0.1761
2001,JPN,Japan,16.0895,12.2767
2001,KAZ,Kazakhstan,1.1601,1.242
2001,KEN,Kenya,0.759,0.5652
2001,KGZ,Kyrgyzstan,0.29,0.3105
2001,KHM,Cambodia,0.8246,0.4188
2001,KIR,Kiribati,0.0087,0.0057
2001,KNA,Saint Kitts and Nevis,0.0034,0.0022
2001,KOR,South Korea,2.4813,1.0292
2001,KWT,Kuwait,0.1003,0.128
2001,LAO,Laos,0.3637,0.1848
2001,LBN,Lebanon,0.1167,0.149
2001,LBR,Liberia,0.0587,0.0437
2001,LBY,Libya,0.2363,0.2934
2001,LCA,Saint Lucia,0.0131,0.0086
2001,LIE,Liechtenstein,0.0018,0.0065
2001,LKA,Sri Lanka,0.1745,0.1183
2001,LSO,Lesotho,0.0242,0.018
2001,LTU,Lithuania,0.4719,0.6
2001,LUX,Luxembourg,0.0627,0.0838
2001,LVA,Latvia,0.2211,0.4
2001,MAR,Morocco,0.4726,0.5869
2001,MCO,Monaco,0.0037,0.0042
2001,MDA,Moldova,0.1682,0.1701
2001,MDG,Madagascar,0.2277,0.1696
2001,MDV,Maldives,0.004,0.0027
2001,MEX,Mexico,8.5437,4.1081
2001,MHL,Marshall Islands,0.0023,0.0015
2001,MKD,North Macedonia,0.075,0.0757
2001,MLI,Mali,0.2582,0.1922
2001,MLT,Malta,0.0645,0.0708
2001,MMR,Myanmar,2.5342,1.2871
2001,MNE,Montenegro,0.034,0.035
2001,MNG,Mongolia,0.1272,0.0887
2001,MOZ,Mozambique,0.3651,0.2719
2001,MRT,Mauritania,0.0545,0.0406
2001,MUS,Mauritius,0.013,0.0097
2001,MWI,Malawi,0.2276,0.1695
2001,MYS,Malaysia,0.4347,1.0292
2001,NAM,Namibia,0.0759,0.0565
2001,NER,Niger,0.2861,0.213
2001,NGA,Nigeria,2.277,1.6956
2001,NIC,Nicaragua,0.6586,0.3167
2001,NLD,Netherlands,1.8098,3.2051
2001,NOR,Norway,0.393,0.77
2001,NPL,Nepal,0.2225,0.1509
2001,NRU,Nauru,0.0008,0.0005
2001,NZL,New Zealand,0.8741,0.638
2001,OMN,Oman,0.1097,0.1399
2001,PAK,Pakistan,3.795,2.5731
2001,PAN,Panama,0.4296,0.2066
2001,PER,Peru,4.3002,1.6454
2001,PHL,Philippines,4.7393,0.5146
2001,PLW,Palau,0.0011,0.0007
2001,PNG,Papua New Guinea,0.1886,0.1242
2001,POL,Poland,8.6371,5.1713
2001,PRK,North Korea,0.9606,0.67
2001,PRT,Portugal,2.278,1.5
2001,PRY,Paraguay,0.8712,0.3333
2001,PSE,Palestine,0.1116,0.1424
2001,QAT,Qatar,0.0622,0.0794
2001,ROU,Romania,4.3509,5.588
2001,RUS,Russian Federation,30.2662,43.2375
2001,RWA,Rwanda,0.1493,0.1112
2001,SAU,Saudi Arabia,0.69,0.8803
2001,SDN,Sudan,0.8057,1.0005
2001,SEN,Senegal,0.194,0.1445
2001,SGP,Singapore,0.1798,0.0913
2001,SLB,Solomon Islands,0.0531,0.035
2001,SLE,Sierra Leone,0.0904,0.0673
2001,SLV,El Salvador,0.5983,0.2877
2001,SMR,San Marino,0.0032,0.0036
2001,SOM,Somalia,0.2014,0.15
2001,SRB,Serbia,0.4035,0.4272
2001,SSD,South Sudan,0.1249,0.093
2001,STP,Sao Tome and Principe,0.0025,0.0018
2001,SUR,Suriname,0.0795,0.0304
2001,SVK,Slovakia,0.8765,0.6574
2001,SVN,Slovenia,0.2508,0.8056
2001,SWE,Sweden,1.0957,1.5085
2001,SWZ,Eswatini,0.0129,0.0096
2001,SYC,Seychelles,0.0013,0.001
2001,SYR,Syria,0.138,0.1761
2001,TCD,Chad,0.2152,0.1603
2001,TGO,Togo,0.0996,0.0742
2001,THA,Thailand,11.4886,1.5439
2001,TJK,Tajikistan,0.232,0.2484
2001,TKM,Turkmenistan,0.4061,0.4347
2001,TLS,Timor-Leste,0.0656,0.0333
2001,TON,Tonga,0.0066,0.0044
2001,TTO,Trinidad and Tobago,0.1099,0.0727
2001,TUN,Tunisia,0.2836,0.3521
2001,TUR,Turkey,1.0427,1.4488
2001,TUV,Tuvalu,0.0006,0.0004
2001,TWN,Taiwan,0.8357,0.5828
2001,TZA,Tanzania,0.5313,0.3956
2001,UGA,Uganda,0.5265,0.3921
2001,UKR,Ukraine,4.3466,6.2386
2001,URY,Uruguay,0.4204,0.1609
2001,USA,United States,61.6,68.9
2001,UZB,Uzbekistan,0.5801,0.621
2001,VAT,Vatican City,0.0001,0.0001
2001,VCT,Saint Vincent and the Grenadines,0.0073,0.0048
2001,VEN,Venezuela,3.5426,1.3555
2001,VNM,Vietnam,1.242,0.3602
2001,VUT,Vanuatu,0.0213,0.014
2001,WSM,Samoa,0.0139,0.0091
2001,XKX,Kosovo,0.0453,0.0464
2001,YEM,Yemen,0.834,1.064
2001,ZAF,South Africa,0.6831,0.5087
2001,ZMB,Zambia,0.1898,0.1413
2001,ZWE,Zimbabwe,0.2657,0.1978
2002,AFG,Afghanistan,0.232,0.1584
2002,AGO,Angola,0.4075,0.3046
2002,ALB,Albania,0.092,0.0936
2002,AND,Andorra,0.0081,0.0091
2002,ARE,United Arab Emirates,0.4651,0.5992
2002,ARG,Argentina,6.3738,1.9881
2002,ARM,Armenia,0.1861,0.2397
2002,ATG,Antigua and Barbuda,0.0069,0.0046
2002,AUS,Australia,2.574,1.8312
2002,AUT,Austria,0.827,2.034
2002,AZE,Azerbaijan,0.3721,0.4793
2002,BDI,Burundi,0.1502,0.1123
2002,BEL,Belgium,1.8068,2.0345
2002,BEN,Benin,0.1547,0.1156
2002,BFA,Burkina Faso,0.2513,0.1879
2002,BGD,Bangladesh,1.345,0.9186
2002,BGR,Bulgaria,0.732,0.7842
2002,BHR,Bahrain,0.0332,0.0427
2002,BHS,Bahamas,0.0297,0.0198
2002,BIH,Bosnia and Herzegovina,0.1657,0.1692
2002,BLR,Belarus,0.4942,0.5613
2002,BLZ,Belize,0.0404,0.0195
2002,BOL,Bolivia,1.5864,0.6097
2002,BRA,Brazil,25.1567,12.0727
2002,BRB,Barbados,0.0208,0.0138
2002,BRN,Brunei,0.022,0.0112
2002,BTN,Bhutan,0.0061,0.0041
2002,BWA,Botswana,0.116,0.0867
2002,CAF,Central African Republic,0.0575,0.043
2002,CAN,Canada,4.4649,8.3
2002,CHE,Switzerland,0.5213,1.074
2002,CHL,Chile,1.1316,0.4349
2002,CHN,China,21.594,17.2491
2002,CIV,Ivory Coast,0.3093,0.2311
2002,CMR,Cameroon,0.232,0.1734
2002,COD,DR Congo,1.1778,0.8803
2002,COG,Republic of the Congo,0.0677,0.0506
2002,COL,Colombia,3.4641,1.3314
2002,COM,Comoros,0.0092,0.0069
2002,CPV,Cape Verde,0.0055,0.0041
2002,CRI,Costa Rica,0.4923,0.2377
2002,CUB,Cuba,0.8063,0.5356
2002,CYP,Cyprus,0.0517,0.0452
2002,CZE,Czechia,0.933,2.2792
2002,DEU,Germany,5.3,7.2802
2002,DJI,Djibouti,0.0124,0.0092
2002,DMA,Dominica,0.0049,0.0032
2002,DNK,Denmark,0.5072,0.7164
2002,DOM,Dominican Republic,0.8493,0.5641
2002,DZA,Algeria,0.7185,0.8988
2002,ECU,Ecuador,2.3061,0.8863
2002,EGY,Egypt,1.1975,1.498
2002,ERI,Eritrea,0.0377,0.0281
2002,ESP,Spain,5.5166,3.2673
2002,EST,Estonia,0.0892,0.285
2002,ETH,Ethiopia,0.7733,0.5779
2002,FIN,Finland,1.3187,0.5152
2002,FJI,Fiji,0.06,0.0397
2002,FRA,France,8.8231,9.5583
2002,FSM,Micronesia,0.0073,0.0049
2002,GAB,Gabon,0.0271,0.0202
2002,GBR,United Kingdom,6.0653,9.6387
2002,GEO,Georgia,0.2326,0.2996
2002,GHA,Ghana,0.3866,0.289
2002,GIN,Guinea,0.1576,0.1178
2002,GMB,Gambia,0.0295,0.022
2002,GNB,Guinea-Bissau,0.0235,0.0176
2002,GNQ,Equatorial Guinea,0.0203,0.0151
2002,GRC,Greece,0.66,0.6
2002,GRD,Grenada,0.0086,0.0057
2002,GTM,Guatemala,1.7852,0.8622
2002,GUY,Guyana,0.1054,0.0405
2002,HND,Honduras,1.0514,0.5078
2002,HRV,Croatia,0.65,0.3607
2002,HTI,Haiti,0.8778,0.583
2002,HUN,Hungary,1.7071,1.6835
2002,IDN,Indonesia,2.5805,1.3203
2002,IND,India,7.7324,5.2813
2002,IRL,Ireland,0.4119,0.325
2002,IRN,Iran,1.5465,1.0562
2002,IRQ,Iraq,0.2326,0.2996
2002,ISL,Iceland,0.0228,0.0304
2002,ISR,Israel,0.1921,0.2475
2002,ITA,Italy,6.0826,6.0977
2002,JAM,Jamaica,0.2091,0.1389
2002,JOR,Jordan,0.1396,0.1798
2002,JPN,Japan,15.6068,12.0807
2002,KAZ,Kazakhstan,1.1757,1.2653
2002,KEN,Kenya,0.7733,0.5779
2002,KGZ,Kyrgyzstan,0.294,0.3163
2002,KHM,Cambodia,0.84,0.4298
2002,KIR,Kiribati,0.0088,0.0058
2002,KNA,Saint Kitts and Nevis,0.0035,0.0023
2002,KOR,South Korea,2.5148,1.0562
2002,KWT,Kuwait,0.1015,0.1307
2002,LAO,Laos,0.3706,0.1896
2002,LBN,Lebanon,0.1181,0.1521
2002,LBR,Liberia,0.0598,0.0447
2002,LBY,Libya,0.2395,0.2996
2002,LCA,Saint Lucia,0.0133,0.0088
2002,LIE,Liechtenstein,0.0018,0.0066
2002,LKA,Sri Lanka,0.1778,0.1214
2002,LSO,Lesotho,0.0247,0.0184
2002,LTU,Lithuania,0.4762,0.6
2002,LUX,Luxembourg,0.0631,0.0846
2002,LVA,Latvia,0.2233,0.4
2002,MAR,Morocco,0.479,0.5992
2002,MCO,Monaco,0.0037,0.0043
2002,MDA,Moldova,0.1692,0.1717
2002,MDG,Madagascar,0.232,0.1734
2002,MDV,Maldives,0.0041,0.0028
2002,MEX,Mexico,8.6847,4.1944
2002,MHL,Marshall Islands,0.0023,0.0016
2002,MKD,North Macedonia,0.0754,0.0763
2002,MLI,Mali,0.2631,0.1966
2002,MLT,Malta,0.0649,0.0714
2002,MMR,Myanmar,2.5818,1.3209
2002,MNE,Montenegro,0.0342,0.0353
2002,MNG,Mongolia,0.1289,0.091
2002,MOZ,Mozambique,0.3719,0.278
2002,MRT,Mauritania,0.0555,0.0415
2002,MUS,Mauritius,0.0132,0.0099
2002,MWI,Malawi,0.2319,0.1733
2002,MYS,Malaysia,0.4429,1.0562
2002,NAM,Namibia,0.0773,0.0578
2002,NER,Niger,0.2915,0.2178
2002,NGA,Nigeria,2.3197,1.7338
2002,NIC,Nicaragua,0.6695,0.3233
2002,NLD,Netherlands,1.7724,3.1697
2002,NOR,Norway,0.3971,0.77
2002,NPL,Nepal,0.2267,0.1549
2002,NRU,Nauru,0.0008,0.0005
2002,NZL,New Zealand,0.882,0.6467
2002,OMN,Oman,0.1109,0.1429
2002,PAK,Pakistan,3.8662,2.6407
2002,PAN,Panama,0.4367,0.2109
2002,PER,Peru,4.3647,1.6775
2002,PHL,Philippines,5.0,0.5281
2002,PLW,Palau,0.0011,0.0007
2002,PNG,Papua New Guinea,0.1914,0.1266
2002,POL,Poland,8.4772,5.2172
2002,PRK,North Korea,0.9736,0.6876
2002,PRT,Portugal,2.2671,1.5
2002,PRY,Paraguay,0.8843,0.3398
2002,PSE,Palestine,0.1128,0.1454
2002,QAT,Qatar,0.0629,0.081
2002,ROU,Romania,4.3339,5.4203
2002,RUS,Russian Federation,29.3583,41.9404
2002,RWA,Rwanda,0.1521,0.1137
2002,SAU,Saudi Arabia,0.6977,0.8988
2002,SDN,Sudan,0.8166,1.0215
2002,SEN,Senegal,0.1976,0.1477
2002,SGP,Singapore,0.1832,0.0937
2002,SLB,Solomon Islands,0.0539,0.0356
2002,SLE,Sierra Leone,0.092,0.0688
2002,SLV,El Salvador,0.6082,0.2937
2002,SMR,San Marino,0.0032,0.0037
2002,SOM,Somalia,0.2051,0.1534
2002,SRB,Serbia,0.4059,0.4311
2002,SSD,South Sudan,0.1273,0.0951
2002,STP,Sao Tome and Principe,0.0025,0.0019
2002,SUR,Suriname,0.0807,0.031
2002,SVK,Slovakia,0.8502,0.6377
2002,SVN,Slovenia,0.2529,0.7814
2002,SWE,Sweden,1.0628,1.5384
2002,SWZ,Eswatini,0.0131,0.0098
2002,SYC,Seychelles,0.0014,0.001
2002,SYR,Syria,0.1396,0.1798
2002,TCD,Chad,0.2192,0.1639
2002,TGO,Togo,0.1015,0.0758
2002,THA,Thailand,11.704,1.5844
2002,TJK,Tajikistan,0.2351,0.253
2002,TKM,Turkmenistan,0.4115,0.4429
2002,TLS,Timor-Leste,0.0668,0.0342
2002,TON,Tonga,0.0067,0.0044
2002,TTO,Trinidad and Tobago,0.1114,0.074
2002,TUN,Tunisia,0.2874,0.3595
2002,TUR,Turkey,1.0514,1.5285
2002,TUV,Tuvalu,0.0006,0.0004
2002,TWN,Taiwan,0.847,0.5981
2002,TZA,Tanzania,0.5413,0.4045
2002,UGA,Uganda,0.5364,0.4009
2002,UKR,Ukraine,4.3727,6.2948
2002,URY,Uruguay,0.4267,0.164
2002,USA,United States,63.5699,71.2886
2002,UZB,Uzbekistan,0.5879,0.6327
2002,VAT,Vatican City,0.0001,0.0001
2002,VCT,Saint Vincent and the Grenadines,0.0074,0.0049
2002,VEN,Venezuela,3.5957,1.3819
2002,VNM,Vietnam,1.2653,0.3697
2002,VUT,Vanuatu,0.0216,0.0142
2002,WSM,Samoa,0.0141,0.0093
2002,XKX,Kosovo,0.0456,0.0468
2002,YEM,Yemen,0.8434,1.0864
2002,ZAF,South Africa,0.6959,0.5201
2002,ZMB,Zambia,0.1933,0.1445
2002,ZWE,Zimbabwe,0.2706,0.2023
2003,AFG,Afghanistan,0.2363,0.1626
2003,AGO,Angola,0.4151,0.3114
2003,ALB,Albania,0.0926,0.0945
2003,AND,Andorra,0.0081,0.0092
2003,ARE,United Arab Emirates,0.4704,0.6118
2003,ARG,Argentina,6.4694,2.0269
2003,ARM,Armenia,0.1882,0.2447
2003,ATG,Antigua and Barbuda,0.007,0.0047
2003,AUS,Australia,2.6912,1.9319
2003,AUT,Austria,0.827,2.034
2003,AZE,Azerbaijan,0.3763,0.4894
2003,BDI,Burundi,0.1531,0.1148
2003,BEL,Belgium,1.7526,2.0172
2003,BEN,Benin,0.1576,0.1182
2003,BFA,Burkina Faso,0.256,0.1921
2003,BGD,Bangladesh,1.3702,0.9427
2003,BGR,Bulgaria,0.7325,0.7852
2003,BHR,Bahrain,0.0336,0.0436
2003,BHS,Bahamas,0.0301,0.0201
2003,BIH,Bosnia and Herzegovina,0.1667,0.1707
2003,BLR,Belarus,0.4972,0.5663
2003,BLZ,Belize,0.041,0.0199
2003,BOL,Bolivia,1.6102,0.6216
2003,BRA,Brazil,26.5403,12.0363
2003,BRB,Barbados,0.0211,0.0141
2003,BRN,Brunei,0.0224,0.0115
2003,BTN,Bhutan,0.0062,0.0042
2003,BWA,Botswana,0.1181,0.0886
2003,CAF,Central African Republic,0.0586,0.044
2003,CAN,Canada,4.6378,8.3
2003,CHE,Switzerland,0.5203,1.1025
2003,CHL,Chile,1.1486,0.4434
2003,CHN,China,22.7817,18.1978
2003,CIV,Ivory Coast,0.3151,0.2363
2003,CMR,Cameroon,0.2363,0.1773
2003,COD,DR Congo,1.1999,0.9001
2003,COG,Republic of the Congo,0.069,0.0517
2003,COL,Colombia,3.516,1.3573
2003,COM,Comoros,0.0094,0.0071
2003,CPV,Cape Verde,0.0056,0.0042
2003,CRI,Costa Rica,0.5004,0.2427
2003,CUB,Cuba,0.8172,0.5456
2003,CYP,Cyprus,0.052,0.0456
2003,CZE,Czechia,0.9786,2.2108
2003,DEU,Germany,5.3,7.3893
2003,DJI,Djibouti,0.0126,0.0095
2003,DMA,Dominica,0.0049,0.0033
2003,DNK,Denmark,0.5122,0.7137
2003,DOM,Dominican Republic,0.8608,0.5747
2003,DZA,Algeria,0.7282,0.9176
2003,ECU,Ecuador,2.3406,0.9036
2003,EGY,Egypt,1.2137,1.5295
2003,ERI,Eritrea,0.0384,0.0288
2003,ESP,Spain,5.4072,3.2836
2003,EST,Estonia,0.0941,0.285
2003,ETH,Ethiopia,0.7878,0.5909
2003,FIN,Finland,1.2791,0.5335
2003,FJI,Fiji,0.0609,0.0404
2003,FRA,France,8.66,9.7277
2003,FSM,Micronesia,0.0075,0.005
2003,GAB,Gabon,0.0276,0.0207
2003,GBR,United Kingdom,6.2789,9.4168
2003,GEO,Georgia,0.2352,0.3059
2003,GHA,Ghana,0.3938,0.2955
2003,GIN,Guinea,0.1606,0.1204
2003,GMB,Gambia,0.03,0.0225
2003,GNB,Guinea-Bissau,0.0239,0.0179
2003,GNQ,Equatorial Guinea,0.0206,0.0155
2003,GRC,Greece,0.66,0.6
2003,GRD,Grenada,0.0088,0.0058
2003,GTM,Guatemala,1.8147,0.8803
2003,GUY,Guyana,0.107,0.0413
2003,HND,Honduras,1.0687,0.5184
2003,HRV,Croatia,0.6539,0.3639
2003,HTI,Haiti,0.8896,0.5939
2003,HUN,Hungary,1.8009,1.7408
2003,IDN,Indonesia,2.6289,1.355
2003,IND,India,7.8774,5.4199
2003,IRL,Ireland,0.4142,0.325
2003,IRN,Iran,1.5755,1.084
2003,IRQ,Iraq,0.2352,0.3059
2003,ISL,Iceland,0.0229,0.0307
2003,ISR,Israel,0.1943,0.2527
2003,ITA,Italy,6.1903,6.247
2003,JAM,Jamaica,0.2119,0.1415
2003,JOR,Jordan,0.1411,0.1835
2003,JPN,Japan,15.1386,11.8878
2003,KAZ,Kazakhstan,1.1916,1.289
2003,KEN,Kenya,0.7878,0.5909
2003,KGZ,Kyrgyzstan,0.2979,0.3222
2003,KHM,Cambodia,0.8558,0.4411
2003,KIR,Kiribati,0.0089,0.0059
2003,KNA,Saint Kitts and Nevis,0.0035,0.0023
2003,KOR,South Korea,2.5487,1.084
2003,KWT,Kuwait,0.1026,0.1334
2003,LAO,Laos,0.3775,0.1946
2003,LBN,Lebanon,0.1194,0.1553
2003,LBR,Liberia,0.061,0.0457
2003,LBY,Libya,0.2427,0.3059
2003,LCA,Saint Lucia,0.0135,0.009
2003,LIE,Liechtenstein,0.0018,0.0066
2003,LKA,Sri Lanka,0.1811,0.1246
2003,LSO,Lesotho,0.0252,0.0188
2003,LTU,Lithuania,0.4805,0.6
2003,LUX,Luxembourg,0.0635,0.0854
2003,LVA,Latvia,0.2254,0.4
2003,MAR,Morocco,0.4855,0.6118
2003,MCO,Monaco,0.0037,0.0043
2003,MDA,Moldova,0.1702,0.1732
2003,MDG,Madagascar,0.2363,0.1773
2003,MDV,Maldives,0.0042,0.0028
2003,MEX,Mexico,8.828,4.2825
2003,MHL,Marshall Islands,0.0023,0.0016
2003,MKD,North Macedonia,0.0759,0.077
2003,MLI,Mali,0.268,0.201
2003,MLT,Malta,0.0653,0.072
2003,MMR,Myanmar,2.6302,1.3556
2003,MNE,Montenegro,0.0344,0.0356
2003,MNG,Mongolia,0.1306,0.0934
2003,MOZ,Mozambique,0.3789,0.2842
2003,MRT,Mauritania,0.0565,0.0424
2003,MUS,Mauritius,0.0135,0.0101
2003,MWI,Malawi,0.2363,0.1772
2003,MYS,Malaysia,0.4512,1.084
2003,NAM,Namibia,0.0788,0.0591
2003,NER,Niger,0.2969,0.2227
2003,NGA,Nigeria,2.3632,1.7728
2003,NIC,Nicaragua,0.6805,0.3301
2003,NLD,Netherlands,1.7358,3.1346
2003,NOR,Norway,0.4013,0.77
2003,NPL,Nepal,0.2309,0.1589
2003,NRU,Nauru,0.0008,0.0005
2003,NZL,New Zealand,0.8899,0.6554
2003,OMN,Oman,0.1122,0.1459
2003,PAK,Pakistan,3.9387,2.71
2003,PAN,Panama,0.4439,0.2153
2003,PER,Peru,4.4301,1.7102
2003,PHL,Philippines,5.3707,0.542
2003,PLW,Palau,0.0012,0.0007
2003,PNG,Papua New Guinea,0.1943,0.1289
2003,POL,Poland,8.3202,5.2636
2003,PRK,North Korea,0.9868,0.7056
2003,PRT,Portugal,2.2563,1.5
2003,PRY,Paraguay,0.8976,0.3465
2003,PSE,Palestine,0.1141,0.1484
2003,QAT,Qatar,0.0636,0.0827
2003,ROU,Romania,4.3169,5.2577
2003,RUS,Russian Federation,28.4775,40.6822
2003,RWA,Rwanda,0.155,0.1163
2003,SAU,Saudi Arabia,0.7056,0.9176
2003,SDN,Sudan,0.8276,1.0429
2003,SEN,Senegal,0.2013,0.1511
2003,SGP,Singapore,0.1866,0.0962
2003,SLB,Solomon Islands,0.0547,0.0363
2003,SLE,Sierra Leone,0.0938,0.0704
2003,SLV,El Salvador,0.6182,0.2999
2003,SMR,San Marino,0.0033,0.0037
2003,SOM,Somalia,0.209,0.1568
2003,SRB,Serbia,0.4084,0.4349
2003,SSD,South Sudan,0.1297,0.0972
2003,STP,Sao Tome and Principe,0.0026,0.0019
2003,SUR,Suriname,0.0819,0.0316
2003,SVK,Slovakia,0.8247,0.6186
2003,SVN,Slovenia,0.2551,0.758
2003,SWE,Sweden,1.0309,1.5689
2003,SWZ,Eswatini,0.0133,0.01
2003,SYC,Seychelles,0.0014,0.001
2003,SYR,Syria,0.1411,0.1835
2003,TCD,Chad,0.2234,0.1676
2003,TGO,Togo,0.1034,0.0775
2003,THA,Thailand,11.9235,1.626
2003,TJK,Tajikistan,0.2383,0.2578
2003,TKM,Turkmenistan,0.4171,0.4512
2003,TLS,Timor-Leste,0.068,0.0351
2003,TON,Tonga,0.0068,0.0045
2003,TTO,Trinidad and Tobago,0.1129,0.0754
2003,TUN,Tunisia,0.2913,0.3671
2003,TUR,Turkey,1.0601,1.6126
2003,TUV,Tuvalu,0.0006,0.0004
2003,TWN,Taiwan,0.8584,0.6139
2003,TZA,Tanzania,0.5514,0.4136
2003,UGA,Uganda,0.5465,0.4099
2003,UKR,Ukraine,4.3989,6.3514
2003,URY,Uruguay,0.4331,0.1672
2003,USA,United States,65.6028,73.7599
2003,UZB,Uzbekistan,0.5958,0.6445
2003,VAT,Vatican City,0.0001,0.0001
2003,VCT,Saint Vincent and the Grenadines,0.0075,0.005
2003,VEN,Venezuela,3.6496,1.4089
2003,VNM,Vietnam,1.289,0.3794
2003,VUT,Vanuatu,0.0219,0.0145
2003,WSM,Samoa,0.0143,0.0095
2003,XKX,Kosovo,0.0459,0.0472
2003,YEM,Yemen,0.8529,1.1092
2003,ZAF,South Africa,0.7089,0.5318
2003,ZMB,Zambia,0.197,0.1478
2003,ZWE,Zimbabwe,0.2757,0.2068
2004,AFG,Afghanistan,0.2408,0.1669
2004,AGO,Angola,0.4229,0.3184
2004,ALB,Albania,0.0931,0.0953
2004,AND,Andorra,0.0082,0.0093
2004,ARE,United Arab Emirates,0.4757,0.6246
2004,ARG,Argentina,6.5664,2.0664
2004,ARM,Armenia,0.1903,0.2498
2004,ATG,Antigua and Barbuda,0.0071,0.0048
2004,AUS,Australia,2.8137,2.0382
2004,AUT,Austria,0.827,2.034
2004,AZE,Azerbaijan,0.3805,0.4997
2004,BDI,Burundi,0.1559,0.1174
2004,BEL,Belgium,1.7,2.0
2004,BEN,Benin,0.1605,0.1208
2004,BFA,Burkina Faso,0.2608,0.1964
2004,BGD,Bangladesh,1.3959,0.9675
2004,BGR,Bulgaria,0.733,0.7861
2004,BHR,Bahrain,0.0339,0.0445
2004,BHS,Bahamas,0.0305,0.0205
2004,BIH,Bosnia and Herzegovina,0.1677,0.1722
2004,BLR,Belarus,0.5002,0.5714
2004,BLZ,Belize,0.0417,0.0204
2004,BOL,Bolivia,1.6344,0.6337
2004,BRA,Brazil,28.0,12.0
2004,BRB,Barbados,0.0214,0.0143
2004,BRN,Brunei,0.0228,0.0118
2004,BTN,Bhutan,0.0063,0.0044
2004,BWA,Botswana,0.1203,0.0906
2004,CAF,Central African Republic,0.0597,0.045
2004,CAN,Canada,4.8174,8.3
2004,CHE,Switzerland,0.5192,1.1318
2004,CHL,Chile,1.1658,0.452
2004,CHN,China,24.0347,19.1987
2004,CIV,Ivory Coast,0.321,0.2417
2004,CMR,Cameroon,0.2408,0.1813
2004,COD,DR Congo,1.2224,0.9203
2004,COG,Republic of the Congo,0.0703,0.0529
2004,COL,Colombia,3.5688,1.3838
2004,COM,Comoros,0.0096,0.0072
2004,CPV,Cape Verde,0.0057,0.0043
2004,CRI,Costa Rica,0.5086,0.2478
2004,CUB,Cuba,0.8282,0.5558
2004,CYP,Cyprus,0.0523,0.046
2004,CZE,Czechia,1.0263,2.1445
2004,DEU,Germany,5.3,7.5
2004,DJI,Djibouti,0.0129,0.0097
2004,DMA,Dominica,0.005,0.0033
2004,DNK,Denmark,0.5174,0.7111
2004,DOM,Dominican Republic,0.8724,0.5855
2004,DZA,Algeria,0.7381,0.9369
2004,ECU,Ecuador,2.3758,0.9212
2004,EGY,Egypt,1.23,1.5616
2004,ERI,Eritrea,0.0391,0.0294
2004,ESP,Spain,5.3,3.3
2004,EST,Estonia,0.0992,0.285
2004,ETH,Ethiopia,0.8025,0.6042
2004,FIN,Finland,1.2407,0.5524
2004,FJI,Fiji,0.0618,0.0412
2004,FRA,France,8.5,9.9
2004,FSM,Micronesia,0.0076,0.0051
2004,GAB,Gabon,0.0281,0.0212
2004,GBR,United Kingdom,6.5,9.2
2004,GEO,Georgia,0.2379,0.3123
2004,GHA,Ghana,0.4012,0.3021
2004,GIN,Guinea,0.1636,0.1231
2004,GMB,Gambia,0.0306,0.023
2004,GNB,Guinea-Bissau,0.0244,0.0184
2004,GNQ,Equatorial Guinea,0.021,0.0158
2004,GRC,Greece,0.66,0.6
2004,GRD,Grenada,0.0089,0.0059
2004,GTM,Guatemala,1.8446,0.8988
2004,GUY,Guyana,0.1086,0.0421
2004,HND,Honduras,1.0863,0.5293
2004,HRV,Croatia,0.6578,0.3672
2004,HTI,Haiti,0.9016,0.6051
2004,HUN,Hungary,1.9,1.8
2004,IDN,Indonesia,2.6782,1.3905
2004,IND,India,8.0251,5.5622
2004,IRL,Ireland,0.4165,0.325
2004,IRN,Iran,1.605,1.1124
2004,IRQ,Iraq,0.2379,0.3123
2004,ISL,Iceland,0.0231,0.0309
2004,ISR,Israel,0.1965,0.258
2004,ITA,Italy,6.3,6.4
2004,JAM,Jamaica,0.2148,0.1442
2004,JOR,Jordan,0.1427,0.1874
2004,JPN,Japan,14.6844,11.698
2004,KAZ,Kazakhstan,1.2077,1.3132
2004,KEN,Kenya,0.8025,0.6042
2004,KGZ,Kyrgyzstan,0.3019,0.3283
2004,KHM,Cambodia,0.8718,0.4527
2004,KIR,Kiribati,0.0091,0.006
2004,KNA,Saint Kitts and Nevis,0.0036,0.0024
2004,KOR,South Korea,2.5831,1.1124
2004,KWT,Kuwait,0.1038,0.1363
2004,LAO,Laos,0.3846,0.1997
2004,LBN,Lebanon,0.1207,0.1586
2004,LBR,Liberia,0.0621,0.0467
2004,LBY,Libya,0.246,0.3123
2004,LCA,Saint Lucia,0.0136,0.0091
2004,LIE,Liechtenstein,0.0018,0.0067
2004,LKA,Sri Lanka,0.1845,0.1279
2004,LSO,Lesotho,0.0256,0.0193
2004,LTU,Lithuania,0.4848,0.6
2004,LUX,Luxembourg,0.0639,0.0861
2004,LVA,Latvia,0.2275,0.4
2004,MAR,Morocco,0.492,0.6246
2004,MCO,Monaco,0.0037,0.0043
2004,MDA,Moldova,0.1712,0.1748
2004,MDG,Madagascar,0.2408,0.1813
2004,MDV,Maldives,0.0042,0.0029
2004,MEX,Mexico,8.9737,4.3724
2004,MHL,Marshall Islands,0.0024,0.0016
2004,MKD,North Macedonia,0.0763,0.0777
2004,MLI,Mali,0.273,0.2055
2004,MLT,Malta,0.0657,0.0727
2004,MMR,Myanmar,2.6795,1.3912
2004,MNE,Montenegro,0.0346,0.036
2004,MNG,Mongolia,0.1324,0.0959
2004,MOZ,Mozambique,0.386,0.2906
2004,MRT,Mauritania,0.0576,0.0434
2004,MUS,Mauritius,0.0137,0.0104
2004,MWI,Malawi,0.2407,0.1812
2004,MYS,Malaysia,0.4596,1.1124
2004,NAM,Namibia,0.0802,0.0605
2004,NER,Niger,0.3025,0.2277
2004,NGA,Nigeria,2.4075,1.8127
2004,NIC,Nicaragua,0.6917,0.337
2004,NLD,Netherlands,1.7,3.1
2004,NOR,Norway,0.4056,0.77
2004,NPL,Nepal,0.2353,0.1631
2004,NRU,Nauru,0.0008,0.0005
2004,NZL,New Zealand,0.8979,0.6642
2004,OMN,Oman,0.1135,0.1489
2004,PAK,Pakistan,4.0125,2.7811
2004,PAN,Panama,0.4512,0.2199
2004,PER,Peru,4.4966,1.7435
2004,PHL,Philippines,5.769,0.5562
2004,PLW,Palau,0.0012,0.0007
2004,PNG,Papua New Guinea,0.1972,0.1313
2004,POL,Poland,8.1662,5.3104
2004,PRK,North Korea,1.0001,0.7242
2004,PRT,Portugal,2.2455,1.5
2004,PRY,Paraguay,0.911,0.3532
2004,PSE,Palestine,0.1154,0.1515
2004,QAT,Qatar,0.0643,0.0845
2004,ROU,Romania,4.3,5.1
2004,RUS,Russian Federation,27.6232,39.4617
2004,RWA,Rwanda,0.1579,0.1189
2004,SAU,Saudi Arabia,0.7135,0.9369
2004,SDN,Sudan,0.8388,1.0648
2004,SEN,Senegal,0.2051,0.1545
2004,SGP,Singapore,0.1901,0.0987
2004,SLB,Solomon Islands,0.0556,0.037
2004,SLE,Sierra Leone,0.0955,0.0719
2004,SLV,El Salvador,0.6284,0.3062
2004,SMR,San Marino,0.0033,0.0037
2004,SOM,Somalia,0.2129,0.1603
2004,SRB,Serbia,0.4108,0.4389
2004,SSD,South Sudan,0.1321,0.0994
2004,STP,Sao Tome and Principe,0.0026,0.002
2004,SUR,Suriname,0.0831,0.0322
2004,SVK,Slovakia,0.8,0.6
2004,SVN,Slovenia,0.2573,0.7353
2004,SWE,Sweden,1.0,1.6
2004,SWZ,Eswatini,0.0136,0.0102
2004,SYC,Seychelles,0.0014,0.0011
2004,SYR,Syria,0.1427,0.1874
2004,TCD,Chad,0.2275,0.1713
2004,TGO,Togo,0.1053,0.0793
2004,THA,Thailand,12.147,1.6687
2004,TJK,Tajikistan,0.2415,0.2626
2004,TKM,Turkmenistan,0.4227,0.4596
2004,TLS,Timor-Leste,0.0693,0.036
2004,TON,Tonga,0.0069,0.0046
2004,TTO,Trinidad and Tobago,0.1144,0.0768
2004,TUN,Tunisia,0.2952,0.3748
2004,TUR,Turkey,1.0689,1.7012
2004,TUV,Tuvalu,0.0006,0.0004
2004,TWN,Taiwan,0.87,0.63
2004,TZA,Tanzania,0.5618,0.4229
2004,UGA,Uganda,0.5567,0.4192
2004,UKR,Ukraine,4.4253,6.4086
2004,URY,Uruguay,0.4396,0.1705
2004,USA,United States,67.7007,76.3169
2004,UZB,Uzbekistan,0.6039,0.6566
2004,VAT,Vatican City,0.0001,0.0001
2004,VCT,Saint Vincent and the Grenadines,0.0076,0.0051
2004,VEN,Venezuela,3.7044,1.4364
2004,VNM,Vietnam,1.3132,0.3894
2004,VUT,Vanuatu,0.0222,0.0148
2004,WSM,Samoa,0.0145,0.0097
2004,XKX,Kosovo,0.0462,0.0477
2004,YEM,Yemen,0.8624,1.1325
2004,ZAF,South Africa,0.7222,0.5438
2004,ZMB,Zambia,0.2007,0.1511
2004,ZWE,Zimbabwe,0.2809,0.2115
2005,AFG,Afghanistan,0.2453,0.1713
2005,AGO,Angola,0.4309,0.3256
2005,ALB,Albania,0.0937,0.0962
2005,AND,Andorra,0.0082,0.0094
2005,ARE,United Arab Emirates,0.481,0.6377
2005,ARG,Argentina,6.6649,2.1067
2005,ARM,Armenia,0.1924,0.2551
2005,ATG,Antigua and Barbuda,0.0072,0.0048
2005,AUS,Australia,2.9417,2.1503
2005,AUT,Austria,0.827,2.034
2005,AZE,Azerbaijan,0.3848,0.5102
2005,BDI,Burundi,0.1589,0.12
2005,BEL,Belgium,1.6257,1.983
2005,BEN,Benin,0.1635,0.1235
2005,BFA,Burkina Faso,0.2657,0.2008
2005,BGD,Bangladesh,1.422,0.9929
2005,BGR,Bulgaria,0.7335,0.7871
2005,BHR,Bahrain,0.0343,0.0455
2005,BHS,Bahamas,0.0309,0.0209
2005,BIH,Bosnia and Herzegovina,0.1687,0.1738
2005,BLR,Belarus,0.5032,0.5766
2005,BLZ,Belize,0.0424,0.0208
2005,BOL,Bolivia,1.6589,0.6461
2005,BRA,Brazil,30.0065,11.9638
2005,BRB,Barbados,0.0217,0.0146
2005,BRN,Brunei,0.0232,0.0121
2005,BTN,Bhutan,0.0064,0.0045
2005,BWA,Botswana,0.1226,0.0927
2005,CAF,Central African Republic,0.0608,0.046
2005,CAN,Canada,5.0039,8.3
2005,CHE,Switzerland,0.5182,1.1619
2005,CHL,Chile,1.1833,0.4609
2005,CHN,China,25.3566,20.2546
2005,CIV,Ivory Coast,0.327,0.2471
2005,CMR,Cameroon,0.2453,0.1854
2005,COD,DR Congo,1.2453,0.941
2005,COG,Republic of the Congo,0.0716,0.0541
2005,COL,Colombia,3.6223,1.4108
2005,COM,Comoros,0.0098,0.0074
2005,CPV,Cape Verde,0.0058,0.0044
2005,CRI,Costa Rica,0.517,0.253
2005,CUB,Cuba,0.8394,0.5662
2005,CYP,Cyprus,0.0527,0.0464
2005,CZE,Czechia,1.0764,2.0802
2005,DEU,Germany,5.3,7.6124
2005,DJI,Djibouti,0.0131,0.0099
2005,DMA,Dominica,0.0051,0.0034
2005,DNK,Denmark,0.5226,0.7084
2005,DOM,Dominican Republic,0.8842,0.5964
2005,DZA,Algeria,0.748,0.9566
2005,ECU,Ecuador,2.4114,0.9391
2005,EGY,Egypt,1.2466,1.5944
2005,ERI,Eritrea,0.0398,0.0301
2005,ESP,Spain,5.1949,3.3165
2005,EST,Estonia,0.1047,0.285
2005,ETH,Ethiopia,0.8176,0.6178
2005,FIN,Finland,1.2035,0.572
2005,FJI,Fiji,0.0627,0.0419
2005,FRA,France,8.3429,10.0754
2005,FSM,Micronesia,0.0077,0.0051
2005,GAB,Gabon,0.0286,0.0216
2005,GBR,United Kingdom,6.7289,8.9882
2005,GEO,Georgia,0.2405,0.3189
2005,GHA,Ghana,0.4088,0.3089
2005,GIN,Guinea,0.1666,0.1259
2005,GMB,Gambia,0.0312,0.0236
2005,GNB,Guinea-Bissau,0.0248,0.0188
2005,GNQ,Equatorial Guinea,0.0214,0.0162
2005,GRC,Greece,0.66,0.6
2005,GRD,Grenada,0.009,0.0061
2005,GTM,Guatemala,1.8751,0.9177
2005,GUY,Guyana,0.1102,0.043
2005,HND,Honduras,1.1043,0.5404
2005,HRV,Croatia,0.6618,0.3705
2005,HTI,Haiti,0.9138,0.6164
2005,HUN,Hungary,2.0387,1.8612
2005,IDN,Indonesia,2.7284,1.427
2005,IND,India,8.1756,5.7082
2005,IRL,Ireland,0.4188,0.325
2005,IRN,Iran,1.6351,1.1416
2005,IRQ,Iraq,0.2405,0.3189
2005,ISL,Iceland,0.0232,0.0312
2005,ISR,Israel,0.1987,0.2634
2005,ITA,Italy,6.4116,6.5567
2005,JAM,Jamaica,0.2177,0.1469
2005,JOR,Jordan,0.1443,0.1913
2005,JPN,Japan,14.2439,11.5113
2005,KAZ,Kazakhstan,1.224,1.3378
2005,KEN,Kenya,0.8176,0.6178
2005,KGZ,Kyrgyzstan,0.306,0.3344
2005,KHM,Cambodia,0.8882,0.4645
2005,KIR,Kiribati,0.0092,0.0061
2005,KNA,Saint Kitts and Nevis,0.0036,0.0024
2005,KOR,South Korea,2.618,1.1416
2005,KWT,Kuwait,0.1049,0.1391
2005,LAO,Laos,0.3918,0.2049
2005,LBN,Lebanon,0.1221,0.1619
2005,LBR,Liberia,0.0633,0.0478
2005,LBY,Libya,0.2493,0.3189
2005,LCA,Saint Lucia,0.0138,0.0093
2005,LIE,Liechtenstein,0.0018,0.0067
2005,LKA,Sri Lanka,0.188,0.1313
2005,LSO,Lesotho,0.0261,0.0197
2005,LTU,Lithuania,0.4892,0.6
2005,LUX,Luxembourg,0.0643,0.0869
2005,LVA,Latvia,0.2297,0.4
2005,MAR,Morocco,0.4987,0.6377
2005,MCO,Monaco,0.0037,0.0044
2005,MDA,Moldova,0.1722,0.1763
2005,MDG,Madagascar,0.2453,0.1854
2005,MDV,Maldives,0.0043,0.003
2005,MEX,Mexico,9.1217,4.4642
2005,MHL,Marshall Islands,0.0024,0.0017
2005,MKD,North Macedonia,0.0768,0.0784
2005,MLI,Mali,0.2781,0.2101
2005,MLT,Malta,0.0661,0.0733
2005,MMR,Myanmar,2.7297,1.4277
2005,MNE,Montenegro,0.0348,0.0363
2005,MNG,Mongolia,0.1342,0.0984
2005,MOZ,Mozambique,0.3932,0.2972
2005,MRT,Mauritania,0.0587,0.0443
2005,MUS,Mauritius,0.014,0.0106
2005,MWI,Malawi,0.2452,0.1853
2005,MYS,Malaysia,0.4682,1.1416
2005,NAM,Namibia,0.0817,0.0618
2005,NER,Niger,0.3082,0.2328
2005,NGA,Nigeria,2.4527,1.8535
2005,NIC,Nicaragua,0.7032,0.3441
2005,NLD,Netherlands,1.6649,3.0657
2005,NOR,Norway,0.4099,0.77
2005,NPL,Nepal,0.2397,0.1674
2005,NRU,Nauru,0.0008,0.0005
2005,NZL,New Zealand,0.906,0.6732
2005,OMN,Oman,0.1147,0.1521
2005,PAK,Pakistan,4.0877,2.8541
2005,PAN,Panama,0.4587,0.2245
2005,PER,Peru,4.564,1.7775
2005,PHL,Philippines,6.1968,0.5708
2005,PLW,Palau,0.0012,0.0008
2005,PNG,Papua New Guinea,0.2001,0.1338
2005,POL,Poland,8.015,5.3576
2005,PRK,North Korea,1.0136,0.7432
2005,PRT,Portugal,2.2348,1.5
2005,PRY,Paraguay,0.9247,0.3601
2005,PSE,Palestine,0.1167,0.1547
2005,QAT,Qatar,0.065,0.0863
2005,ROU,Romania,4.2832,4.877
2005,RUS,Russian Federation,26.7945,38.2778
2005,RWA,Rwanda,0.1608,0.1215
2005,SAU,Saudi Arabia,0.7216,0.9566
2005,SDN,Sudan,0.8501,1.0872
2005,SEN,Senegal,0.209,0.1579
2005,SGP,Singapore,0.1937,0.1013
2005,SLB,Solomon Islands,0.0564,0.0377
2005,SLE,Sierra Leone,0.0973,0.0736
2005,SLV,El Salvador,0.6388,0.3126
2005,SMR,San Marino,0.0033,0.0038
2005,SOM,Somalia,0.2169,0.1639
2005,SRB,Serbia,0.4133,0.4428
2005,SSD,South Sudan,0.1346,0.1016
2005,STP,Sao Tome and Principe,0.0026,0.002
2005,SUR,Suriname,0.0844,0.0329
2005,SVK,Slovakia,0.6794,0.5345
2005,SVN,Slovenia,0.2595,0.7132
2005,SWE,Sweden,0.9635,1.6317
2005,SWZ,Eswatini,0.0138,0.0105
2005,SYC,Seychelles,0.0014,0.0011
2005,SYR,Syria,0.1443,0.1913
2005,TCD,Chad,0.2318,0.1752
2005,TGO,Togo,0.1073,0.0811
2005,THA,Thailand,12.3748,1.7125
2005,TJK,Tajikistan,0.2448,0.2675
2005,TKM,Turkmenistan,0.4284,0.4682
2005,TLS,Timor-Leste,0.0706,0.0369
2005,TON,Tonga,0.007,0.0047
2005,TTO,Trinidad and Tobago,0.116,0.0783
2005,TUN,Tunisia,0.2992,0.3826
2005,TUR,Turkey,1.0778,1.7948
2005,TUV,Tuvalu,0.0006,0.0005
2005,TWN,Taiwan,0.8817,0.6465
2005,TZA,Tanzania,0.5723,0.4325
2005,UGA,Uganda,0.5672,0.4286
2005,UKR,Ukraine,4.4519,6.4663
2005,URY,Uruguay,0.4462,0.1738
2005,USA,United States,69.8658,78.9626
2005,UZB,Uzbekistan,0.612,0.6689
2005,VAT,Vatican City,0.0001,0.0001
2005,VCT,Saint Vincent and the Grenadines,0.0077,0.0051
2005,VEN,Venezuela,3.7599,1.4644
2005,VNM,Vietnam,1.3378,0.3996
2005,VUT,Vanuatu,0.0226,0.0151
2005,WSM,Samoa,0.0147,0.0098
2005,XKX,Kosovo,0.0464,0.0481
2005,YEM,Yemen,0.8722,1.1562
2005,ZAF,South Africa,0.7358,0.556
2005,ZMB,Zambia,0.2044,0.1545
2005,ZWE,Zimbabwe,0.2861,0.2162
2006,AFG,Afghanistan,0.2499,0.1757
2006,AGO,Angola,0.4389,0.3329
2006,ALB,Albania,0.0943,0.097
2006,AND,Andorra,0.0083,0.0094
2006,ARE,United Arab Emirates,0.4864,0.6511
2006,ARG,Argentina,6.7649,2.1478
2006,ARM,Armenia,0.1946,0.2604
2006,ATG,Antigua and Barbuda,0.0073,0.0049
2006,AUS,Australia,3.0756,2.2685
2006,AUT,Austria,0.827,2.034
2006,AZE,Azerbaijan,0.3891,0.5209
2006,BDI,Burundi,0.1618,0.1227
2006,BEL,Belgium,1.5546,1.9661
2006,BEN,Benin,0.1666,0.1263
2006,BFA,Burkina Faso,0.2707,0.2053
2006,BGD,Bangladesh,1.4487,1.0189
2006,BGR,Bulgaria,0.734,0.7881
2006,BHR,Bahrain,0.0347,0.0464
2006,BHS,Bahamas,0.0313,0.0213
2006,BIH,Bosnia and Herzegovina,0.1697,0.1754
2006,BLR,Belarus,0.5062,0.5818
2006,BLZ,Belize,0.0431,0.0212
2006,BOL,Bolivia,1.6838,0.6587
2006,BRA,Brazil,32.1567,11.9278
2006,BRB,Barbados,0.022,0.0149
2006,BRN,Brunei,0.0237,0.0125
2006,BTN,Bhutan,0.0066,0.0046
2006,BWA,Botswana,0.1249,0.0948
2006,CAF,Central African Republic,0.062,0.047
2006,CAN,Canada,5.1977,8.3
2006,CHE,Switzerland,0.5172,1.1928
2006,CHL,Chile,1.201,0.4698
2006,CHN,China,26.7512,21.3686
2006,CIV,Ivory Coast,0.3331,0.2527
2006,CMR,Cameroon,0.2499,0.1895
2006,COD,DR Congo,1.2687,0.9622
2006,COG,Republic of the Congo,0.0729,0.0553
2006,COL,Colombia,3.6766,1.4383
2006,COM,Comoros,0.0099,0.0075
2006,CPV,Cape Verde,0.0059,0.0045
2006,CRI,Costa Rica,0.5256,0.2584
2006,CUB,Cuba,0.8507,0.5769
2006,CYP,Cyprus,0.053,0.0468
2006,CZE,Czechia,1.1289,2.0177
2006,DEU,Germany,5.3,7.7264
2006,DJI,Djibouti,0.0133,0.0101
2006,DMA,Dominica,0.0051,0.0035
2006,DNK,Denmark,0.5278,0.7058
2006,DOM,Dominican Republic,0.8961,0.6076
2006,DZA,Algeria,0.7581,0.9767
2006,ECU,Ecuador,2.4476,0.9575
2006,EGY,Egypt,1.2635,1.6279
2006,ERI,Eritrea,0.0406,0.0308
2006,ESP,Spain,5.0919,3.333
2006,EST,Estonia,0.1105,0.285
2006,ETH,Ethiopia,0.8329,0.6317
2006,FIN,Finland,1.1674,0.5923
2006,FJI,Fiji,0.0636,0.0427
2006,FRA,France,8.1887,10.2539
2006,FSM,Micronesia,0.0078,0.0052
2006,GAB,Gabon,0.0291,0.0221
2006,GBR,United Kingdom,6.9658,8.7812
2006,GEO,Georgia,0.2433,0.3256
2006,GHA,Ghana,0.4164,0.3159
2006,GIN,Guinea,0.1698,0.1287
2006,GMB,Gambia,0.0318,0.0241
2006,GNB,Guinea-Bissau,0.0253,0.0192
2006,GNQ,Equatorial Guinea,0.0218,0.0166
2006,GRC,Greece,0.66,0.6
2006,GRD,Grenada,0.0091,0.0062
2006,GTM,Guatemala,1.906,0.937
2006,GUY,Guyana,0.1119,0.0438
2006,HND,Honduras,1.1225,0.5518
2006,HRV,Croatia,0.6657,0.3738
2006,HTI,Haiti,0.9261,0.628
2006,HUN,Hungary,2.1876,1.9245
2006,IDN,Indonesia,2.7796,1.4645
2006,IND,India,8.3289,5.858
2006,IRL,Ireland,0.4211,0.325
2006,IRN,Iran,1.6657,1.1716
2006,IRQ,Iraq,0.2433,0.3256
2006,ISL,Iceland,0.0234,0.0315
2006,ISR,Israel,0.2009,0.269
2006,ITA,Italy,6.5252,6.7173
2006,JAM,Jamaica,0.2206,0.1497
2006,JOR,Jordan,0.146,0.1953
2006,JPN,Japan,13.8166,11.3275
2006,KAZ,Kazakhstan,1.2405,1.3629
2006,KEN,Kenya,0.8329,0.6317
2006,KGZ,Kyrgyzstan,0.3101,0.3407
2006,KHM,Cambodia,0.9048,0.4767
2006,KIR,Kiribati,0.0093,0.0062
2006,KNA,Saint Kitts and Nevis,0.0036,0.0025
2006,KOR,South Korea,2.6533,1.1716
2006,KWT,Kuwait,0.1061,0.142
2006,LAO,Laos,0.3991,0.2103
2006,LBN,Lebanon,0.1235,0.1653
2006,LBR,Liberia,0.0645,0.0488
2006,LBY,Libya,0.2527,0.3256
2006,LCA,Saint Lucia,0.014,0.0095
2006,LIE,Liechtenstein,0.0018,0.0068
2006,LKA,Sri Lanka,0.1915,0.1347
2006,LSO,Lesotho,0.0266,0.0201
2006,LTU,Lithuania,0.4936,0.6
2006,LUX,Luxembourg,0.0647,0.0877
2006,LVA,Latvia,0.2319,0.4
2006,MAR,Morocco,0.5054,0.6511
2006,MCO,Monaco,0.0038,0.0044
2006,MDA,Moldova,0.1733,0.1779
2006,MDG,Madagascar,0.2499,0.1895
2006,MDV,Maldives,0.0044,0.0031
2006,MEX,Mexico,9.2722,4.558
2006,MHL,Marshall Islands,0.0024,0.0017
2006,MKD,North Macedonia,0.0773,0.0791
2006,MLI,Mali,0.2833,0.2149
2006,MLT,Malta,0.0665,0.074
2006,MMR,Myanmar,2.7809,1.4652
2006,MNE,Montenegro,0.035,0.0366
2006,MNG,Mongolia,0.136,0.101
2006,MOZ,Mozambique,0.4006,0.3038
2006,MRT,Mauritania,0.0598,0.0453
2006,MUS,Mauritius,0.0143,0.0108
2006,MWI,Malawi,0.2498,0.1895
2006,MYS,Malaysia,0.477,1.1716
2006,NAM,Namibia,0.0833,0.0632
2006,NER,Niger,0.314,0.2381
2006,NGA,Nigeria,2.4987,1.8952
2006,NIC,Nicaragua,0.7148,0.3513
2006,NLD,Netherlands,1.6305,3.0318
2006,NOR,Norway,0.4142,0.77
2006,NPL,Nepal,0.2442,0.1718
2006,NRU,Nauru,0.0008,0.0005
2006,NZL,New Zealand,0.9141,0.6823
2006,OMN,Oman,0.116,0.1553
2006,PAK,Pakistan,4.1644,2.9291
2006,PAN,Panama,0.4662,0.2292
2006,PER,Peru,4.6325,1.8122
2006,PHL,Philippines,6.6562,0.5858
2006,PLW,Palau,0.0012,0.0008
2006,PNG,Papua New Guinea,0.2031,0.1363
2006,POL,Poland,7.8666,5.4052
2006,PRK,North Korea,1.0273,0.7627
2006,PRT,Portugal,2.2241,1.5
2006,PRY,Paraguay,0.9386,0.3671
2006,PSE,Palestine,0.118,0.158
2006,QAT,Qatar,0.0658,0.0881
2006,ROU,Romania,4.2664,4.6637
2006,RUS,Russian Federation,25.9907,37.1295
2006,RWA,Rwanda,0.1638,0.1243
2006,SAU,Saudi Arabia,0.7297,0.9767
2006,SDN,Sudan,0.8616,1.11
2006,SEN,Senegal,0.2129,0.1615
2006,SGP,Singapore,0.1973,0.1039
2006,SLB,Solomon Islands,0.0572,0.0384
2006,SLE,Sierra Leone,0.0992,0.0752
2006,SLV,El Salvador,0.6493,0.3192
2006,SMR,San Marino,0.0033,0.0038
2006,SOM,Somalia,0.221,0.1676
2006,SRB,Serbia,0.4158,0.4468
2006,SSD,South Sudan,0.1371,0.1039
2006,STP,Sao Tome and Principe,0.0027,0.0021
2006,SUR,Suriname,0.0857,0.0335
2006,SVK,Slovakia,0.5769,0.4762
2006,SVN,Slovenia,0.2617,0.6918
2006,SWE,Sweden,0.9283,1.6641
2006,SWZ,Eswatini,0.0141,0.0107
2006,SYC,Seychelles,0.0015,0.0011
2006,SYR,Syria,0.146,0.1953
2006,TCD,Chad,0.2362,0.1791
2006,TGO,Togo,0.1093,0.0829
2006,THA,Thailand,12.6068,1.7574
2006,TJK,Tajikistan,0.2481,0.2725
2006,TKM,Turkmenistan,0.4342,0.477
2006,TLS,Timor-Leste,0.0719,0.0379
2006,TON,Tonga,0.0071,0.0048
2006,TTO,Trinidad and Tobago,0.1175,0.0797
2006,TUN,Tunisia,0.3033,0.3907
2006,TUR,Turkey,1.0867,1.8935
2006,TUV,Tuvalu,0.0006,0.0005
2006,TWN,Taiwan,0.8936,0.6635
2006,TZA,Tanzania,0.583,0.4422
2006,UGA,Uganda,0.5778,0.4382
2006,UKR,Ukraine,4.4786,6.5245
2006,URY,Uruguay,0.4529,0.1772
2006,USA,United States,72.1,81.7
2006,UZB,Uzbekistan,0.6203,0.6815
2006,VAT,Vatican City,0.0001,0.0001
2006,VCT,Saint Vincent and the Grenadines,0.0078,0.0052
2006,VEN,Venezuela,3.8163,1.4929
2006,VNM,Vietnam,1.3629,0.4101
2006,VUT,Vanuatu,0.0229,0.0153
2006,WSM,Samoa,0.0149,0.01
2006,XKX,Kosovo,0.0467,0.0485
2006,YEM,Yemen,0.882,1.1805
2006,ZAF,South Africa,0.7496,0.5685
2006,ZMB,Zambia,0.2082,0.158
2006,ZWE,Zimbabwe,0.2915,0.2211
2007,AFG,Afghanistan,0.2546,0.1804
2007,AGO,Angola,0.4472,0.3404
2007,ALB,Albania,0.0948,0.0979
2007,AND,Andorra,0.0083,0.0095
2007,ARE,United Arab Emirates,0.4919,0.6648
2007,ARG,Argentina,6.8664,2.1897
2007,ARM,Armenia,0.1968,0.2659
2007,ATG,Antigua and Barbuda,0.0074,0.005
2007,AUS,Australia,3.2156,2.3933
2007,AUT,Austria,0.827,2.034
2007,AZE,Azerbaijan,0.3935,0.5318
2007,BDI,Burundi,0.1649,0.1255
2007,BEL,Belgium,1.4866,1.9494
2007,BEN,Benin,0.1697,0.1292
2007,BFA,Burkina Faso,0.2758,0.21
2007,BGD,Bangladesh,1.4759,1.0457
2007,BGR,Bulgaria,0.7345,0.7891
2007,BHR,Bahrain,0.0351,0.0474
2007,BHS,Bahamas,0.0318,0.0217
2007,BIH,Bosnia and Herzegovina,0.1707,0.1769
2007,BLR,Belarus,0.5092,0.587
2007,BLZ,Belize,0.0438,0.0217
2007,BOL,Bolivia,1.709,0.6715
2007,BRA,Brazil,34.4611,11.8918
2007,BRB,Barbados,0.0223,0.0152
2007,BRN,Brunei,0.0241,0.0128
2007,BTN,Bhutan,0.0067,0.0047
2007,BWA,Botswana,0.1272,0.0969
2007,CAF,Central African Republic,0.0632,0.0481
2007,CAN,Canada,5.399,8.3
2007,CHE,Switzerland,0.5161,1.2245
2007,CHL,Chile,1.2191,0.479
2007,CHN,China,28.2225,22.5439
2007,CIV,Ivory Coast,0.3394,0.2583
2007,CMR,Cameroon,0.2546,0.1938
2007,COD,DR Congo,1.2925,0.9839
2007,COG,Republic of the Congo,0.0743,0.0565
2007,COL,Colombia,3.7318,1.4663
2007,COM,Comoros,0.0101,0.0077
2007,CPV,Cape Verde,0.006,0.0046
2007,CRI,Costa Rica,0.5342,0.2638
2007,CUB,Cuba,0.8622,0.5877
2007,CYP,Cyprus,0.0533,0.0473
2007,CZE,Czechia,1.1841,1.9572
2007,DEU,Germany,5.3,7.8422
2007,DJI,Djibouti,0.0136,0.0103
2007,DMA,Dominica,0.0052,0.0035
2007,DNK,Denmark,0.5331,0.7032
2007,DOM,Dominican Republic,0.9082,0.619
2007,DZA,Algeria,0.7684,0.9972
2007,ECU,Ecuador,2.4843,0.9761
2007,EGY,Egypt,1.2805,1.662
2007,ERI,Eritrea,0.0413,0.0315
2007,ESP,Spain,4.991,3.3496
2007,EST,Estonia,0.1165,0.285
2007,ETH,Ethiopia,0.8485,0.6459
2007,FIN,Finland,1.1324,0.6133
2007,FJI,Fiji,0.0646,0.0435
2007,FRA,France,8.0374,10.4355
2007,FSM,Micronesia,0.0079,0.0053
2007,GAB,Gabon,0.0297,0.0226
2007,GBR,United Kingdom,7.2111,8.579
2007,GEO,Georgia,0.246,0.3324
2007,GHA,Ghana,0.4242,0.323
2007,GIN,Guinea,0.173,0.1316
2007,GMB,Gambia,0.0324,0.0246
2007,GNB,Guinea-Bissau,0.0258,0.0196
2007,GNQ,Equatorial Guinea,0.0222,0.0169
2007,GRC,Greece,0.66,0.6
2007,GRD,Grenada,0.0092,0.0063
2007,GTM,Guatemala,1.9375,0.9567
2007,GUY,Guyana,0.1136,0.0447
2007,HND,Honduras,1.141,0.5634
2007,HRV,Croatia,0.6697,0.3772
2007,HTI,Haiti,0.9386,0.6398
2007,HUN,Hungary,2.3473,1.99
2007,IDN,Indonesia,2.8317,1.5029
2007,IND,India,8.485,6.0118
2007,IRL,Ireland,0.4235,0.325
2007,IRN,Iran,1.697,1.2023
2007,IRQ,Iraq,0.246,0.3324
2007,ISL,Iceland,0.0235,0.0318
2007,ISR,Israel,0.2032,0.2746
2007,ITA,Italy,6.6408,6.8819
2007,JAM,Jamaica,0.2236,0.1525
2007,JOR,Jordan,0.1476,0.1994
2007,JPN,Japan,13.4021,11.1466
2007,KAZ,Kazakhstan,1.2573,1.3884
2007,KEN,Kenya,0.8485,0.6459
2007,KGZ,Kyrgyzstan,0.3143,0.3471
2007,KHM,Cambodia,0.9218,0.4892
2007,KIR,Kiribati,0.0095,0.0064
2007,KNA,Saint Kitts and Nevis,0.0037,0.0025
2007,KOR,South Korea,2.6892,1.2023
2007,KWT,Kuwait,0.1073,0.145
2007,LAO,Laos,0.4066,0.2158
2007,LBN,Lebanon,0.1249,0.1688
2007,LBR,Liberia,0.0657,0.0499
2007,LBY,Libya,0.2561,0.3324
2007,LCA,Saint Lucia,0.0142,0.0097
2007,LIE,Liechtenstein,0.0019,0.0069
2007,LKA,Sri Lanka,0.1951,0.1382
2007,LSO,Lesotho,0.0271,0.0206
2007,LTU,Lithuania,0.4981,0.6
2007,LUX,Luxembourg,0.065,0.0885
2007,LVA,Latvia,0.2341,0.4
2007,MAR,Morocco,0.5122,0.6648
2007,MCO,Monaco,0.0038,0.0045
2007,MDA,Moldova,0.1743,0.1795
2007,MDG,Madagascar,0.2546,0.1938
2007,MDV,Maldives,0.0045,0.0031
2007,MEX,Mexico,9.4252,4.6537
2007,MHL,Marshall Islands,0.0025,0.0017
2007,MKD,North Macedonia,0.0777,0.0798
2007,MLI,Mali,0.2887,0.2197
2007,MLT,Malta,0.0669,0.0747
2007,MMR,Myanmar,2.8331,1.5036
2007,MNE,Montenegro,0.0352,0.0369
2007,MNG,Mongolia,0.1378,0.1036
2007,MOZ,Mozambique,0.4081,0.3107
2007,MRT,Mauritania,0.0609,0.0464
2007,MUS,Mauritius,0.0145,0.0111
2007,MWI,Malawi,0.2545,0.1937
2007,MYS,Malaysia,0.486,1.2023
2007,NAM,Namibia,0.0848,0.0646
2007,NER,Niger,0.3198,0.2434
2007,NGA,Nigeria,2.5455,1.9378
2007,NIC,Nicaragua,0.7266,0.3587
2007,NLD,Netherlands,1.5969,2.9983
2007,NOR,Norway,0.4186,0.77
2007,NPL,Nepal,0.2488,0.1763
2007,NRU,Nauru,0.0008,0.0005
2007,NZL,New Zealand,0.9224,0.6915
2007,OMN,Oman,0.1173,0.1585
2007,PAK,Pakistan,4.2425,3.0059
2007,PAN,Panama,0.4739,0.234
2007,PER,Peru,4.702,1.8475
2007,PHL,Philippines,7.1498,0.6012
2007,PLW,Palau,0.0012,0.0008
2007,PNG,Papua New Guinea,0.2062,0.1389
2007,POL,Poland,7.721,5.4533
2007,PRK,North Korea,1.0411,0.7827
2007,PRT,Portugal,2.2135,1.5
2007,PRY,Paraguay,0.9527,0.3743
2007,PSE,Palestine,0.1193,0.1613
2007,QAT,Qatar,0.0665,0.0899
2007,ROU,Romania,4.2497,4.4598
2007,RUS,Russian Federation,25.2109,36.0156
2007,RWA,Rwanda,0.1669,0.1271
2007,SAU,Saudi Arabia,0.7379,0.9972
2007,SDN,Sudan,0.8732,1.1333
2007,SEN,Senegal,0.2169,0.1651
2007,SGP,Singapore,0.201,0.1067
2007,SLB,Solomon Islands,0.0581,0.0391
2007,SLE,Sierra Leone,0.101,0.0769
2007,SLV,El Salvador,0.66,0.3259
2007,SMR,San Marino,0.0033,0.0038
2007,SOM,Somalia,0.2251,0.1714
2007,SRB,Serbia,0.4183,0.4508
2007,SSD,South Sudan,0.1397,0.1063
2007,STP,Sao Tome and Principe,0.0027,0.0021
2007,SUR,Suriname,0.0869,0.0342
2007,SVK,Slovakia,0.4899,0.4243
2007,SVN,Slovenia,0.264,0.671
2007,SWE,Sweden,0.8944,1.6971
2007,SWZ,Eswatini,0.0144,0.0109
2007,SYC,Seychelles,0.0015,0.0011
2007,SYR,Syria,0.1476,0.1994
2007,TCD,Chad,0.2406,0.1832
2007,TGO,Togo,0.1114,0.0848
2007,THA,Thailand,12.8432,1.8035
2007,TJK,Tajikistan,0.2514,0.2777
2007,TKM,Turkmenistan,0.4401,0.486
2007,TLS,Timor-Leste,0.0733,0.0389
2007,TON,Tonga,0.0072,0.0049
2007,TTO,Trinidad and Tobago,0.1191,0.0812
2007,TUN,Tunisia,0.3074,0.3989
2007,TUR,Turkey,1.0957,1.9977
2007,TUV,Tuvalu,0.0007,0.0005
2007,TWN,Taiwan,0.9057,0.6809
2007,TZA,Tanzania,0.594,0.4521
2007,UGA,Uganda,0.5886,0.4481
2007,UKR,Ukraine,4.5054,6.5832
2007,URY,Uruguay,0.4597,0.1806
2007,USA,United States,71.6545,80.1848
2007,UZB,Uzbekistan,0.6287,0.6943
2007,VAT,Vatican City,0.0001,0.0001
2007,VCT,Saint Vincent and the Grenadines,0.0079,0.0053
2007,VEN,Venezuela,3.8736,1.522
2007,VNM,Vietnam,1.3884,0.4208
2007,VUT,Vanuatu,0.0232,0.0156
2007,WSM,Samoa,0.0152,0.0102
2007,XKX,Kosovo,0.047,0.049
2007,YEM,Yemen,0.8919,1.2053
2007,ZAF,South Africa,0.7636,0.5813
2007,ZMB,Zambia,0.2122,0.1615
2007,ZWE,Zimbabwe,0.297,0.2261
2008,AFG,Afghanistan,0.2593,0.1851
2008,AGO,Angola,0.4555,0.3481
2008,ALB,Albania,0.0954,0.0988
2008,AND,Andorra,0.0084,0.0096
2008,ARE,United Arab Emirates,0.4974,0.6787
2008,ARG,Argentina,6.9694,2.2324
2008,ARM,Armenia,0.199,0.2715
2008,ATG,Antigua and Barbuda,0.0075,0.0051
2008,AUS,Australia,3.362,2.5249
2008,AUT,Austria,0.827,2.034
2008,AZE,Azerbaijan,0.3979,0.543
2008,BDI,Burundi,0.168,0.1283
2008,BEL,Belgium,1.4216,1.9328
2008,BEN,Benin,0.1729,0.1321
2008,BFA,Burkina Faso,0.2809,0.2147
2008,BGD,Bangladesh,1.5035,1.0731
2008,BGR,Bulgaria,0.735,0.7901
2008,BHR,Bahrain,0.0355,0.0484
2008,BHS,Bahamas,0.0322,0.0221
2008,BIH,Bosnia and Herzegovina,0.1717,0.1785
2008,BLR,Belarus,0.5123,0.5923
2008,BLZ,Belize,0.0445,0.0221
2008,BOL,Bolivia,1.7347,0.6846
2008,BRA,Brazil,36.9306,11.856
2008,BRB,Barbados,0.0226,0.0154
2008,BRN,Brunei,0.0246,0.0131
2008,BTN,Bhutan,0.0068,0.0048
2008,BWA,Botswana,0.1296,0.0991
2008,CAF,Central African Republic,0.0643,0.0492
2008,CAN,Canada,5.6081,8.3
2008,CHE,Switzerland,0.5151,1.257
2008,CHL,Chile,1.2374,0.4883
2008,CHN,China,29.7747,23.7838
2008,CIV,Ivory Coast,0.3458,0.2642
2008,CMR,Cameroon,0.2593,0.1982
2008,COD,DR Congo,1.3167,1.006
2008,COG,Republic of the Congo,0.0757,0.0578
2008,COL,Colombia,3.7877,1.4949
2008,COM,Comoros,0.0103,0.0079
2008,CPV,Cape Verde,0.0062,0.0047
2008,CRI,Costa Rica,0.5431,0.2693
2008,CUB,Cuba,0.8738,0.5987
2008,CYP,Cyprus,0.0536,0.0477
2008,CZE,Czechia,1.2418,1.8985
2008,DEU,Germany,5.3,7.9597
2008,DJI,Djibouti,0.0138,0.0106
2008,DMA,Dominica,0.0053,0.0036
2008,DNK,Denmark,0.5385,0.7006
2008,DOM,Dominican Republic,0.9205,0.6306
2008,DZA,Algeria,0.7787,1.0181
2008,ECU,Ecuador,2.5215,0.9952
2008,EGY,Egypt,1.2978,1.697
2008,ERI,Eritrea,0.0421,0.0322
2008,ESP,Spain,4.892,3.3663
2008,EST,Estonia,0.1229,0.285
2008,ETH,Ethiopia,0.8644,0.6605
2008,FIN,Finland,1.0984,0.6351
2008,FJI,Fiji,0.0656,0.0443
2008,FRA,France,7.8889,10.6204
2008,FSM,Micronesia,0.008,0.0054
2008,GAB,Gabon,0.0302,0.0231
2008,GBR,United Kingdom,7.465,8.3815
2008,GEO,Georgia,0.2488,0.3394
2008,GHA,Ghana,0.4322,0.3302
2008,GIN,Guinea,0.1762,0.1346
2008,GMB,Gambia,0.033,0.0252
2008,GNB,Guinea-Bissau,0.0262,0.0201
2008,GNQ,Equatorial Guinea,0.0226,0.0173
2008,GRC,Greece,0.66,0.6
2008,GRD,Grenada,0.0094,0.0064
2008,GTM,Guatemala,1.9694,0.9767
2008,GUY,Guyana,0.1153,0.0455
2008,HND,Honduras,1.1598,0.5752
2008,HRV,Croatia,0.6738,0.3806
2008,HTI,Haiti,0.9513,0.6517
2008,HUN,Hungary,2.5187,2.0577
2008,IDN,Indonesia,2.8848,1.5424
2008,IND,India,8.6441,6.1696
2008,IRL,Ireland,0.4258,0.325
2008,IRN,Iran,1.7288,1.2339
2008,IRQ,Iraq,0.2488,0.3394
2008,ISL,Iceland,0.0236,0.0321
2008,ISR,Israel,0.2055,0.2804
2008,ITA,Italy,6.7584,7.0504
2008,JAM,Jamaica,0.2266,0.1553
2008,JOR,Jordan,0.1493,0.2036
2008,JPN,Japan,13.0,10.9687
2008,KAZ,Kazakhstan,1.2742,1.4145
2008,KEN,Kenya,0.8644,0.6605
2008,KGZ,Kyrgyzstan,0.3186,0.3536
2008,KHM,Cambodia,0.9391,0.5021
2008,KIR,Kiribati,0.0096,0.0065
2008,KNA,Saint Kitts and Nevis,0.0037,0.0026
2008,KOR,South Korea,2.7255,1.2339
2008,KWT,Kuwait,0.1085,0.1481
2008,LAO,Laos,0.4143,0.2215
2008,LBN,Lebanon,0.1263,0.1723
2008,LBR,Liberia,0.0669,0.0511
2008,LBY,Libya,0.2596,0.3394
2008,LCA,Saint Lucia,0.0144,0.0098
2008,LIE,Liechtenstein,0.0019,0.0069
2008,LKA,Sri Lanka,0.1988,0.1419
2008,LSO,Lesotho,0.0276,0.0211
2008,LTU,Lithuania,0.5026,0.6
2008,LUX,Luxembourg,0.0654,0.0893
2008,LVA,Latvia,0.2364,0.4
2008,MAR,Morocco,0.5192,0.6787
2008,MCO,Monaco,0.0038,0.0045
2008,MDA,Moldova,0.1753,0.1811
2008,MDG,Madagascar,0.2593,0.1982
2008,MDV,Maldives,0.0046,0.0032
2008,MEX,Mexico,9.5807,4.7514
2008,MHL,Marshall Islands,0.0025,0.0018
2008,MKD,North Macedonia,0.0782,0.0806
2008,MLI,Mali,0.2941,0.2246
2008,MLT,Malta,0.0673,0.0753
2008,MMR,Myanmar,2.8862,1.5431
2008,MNE,Montenegro,0.0355,0.0373
2008,MNG,Mongolia,0.1397,0.1063
2008,MOZ,Mozambique,0.4158,0.3177
2008,MRT,Mauritania,0.062,0.0474
2008,MUS,Mauritius,0.0148,0.0113
2008,MWI,Malawi,0.2593,0.1981
2008,MYS,Malaysia,0.4951,1.2339
2008,NAM,Namibia,0.0864,0.0661
2008,NER,Niger,0.3258,0.2489
2008,NGA,Nigeria,2.5932,1.9814
2008,NIC,Nicaragua,0.7385,0.3663
2008,NLD,Netherlands,1.5639,2.9652
2008,NOR,Norway,0.423,0.77
2008,NPL,Nepal,0.2534,0.1809
2008,NRU,Nauru,0.0008,0.0006
2008,NZL,New Zealand,0.9307,0.7008
2008,OMN,Oman,0.1187,0.1619
2008,PAK,Pakistan,4.322,3.0848
2008,PAN,Panama,0.4818,0.2389
2008,PER,Peru,4.7725,1.8836
2008,PHL,Philippines,7.6799,0.617
2008,PLW,Palau,0.0013,0.0008
2008,PNG,Papua New Guinea,0.2093,0.1415
2008,POL,Poland,7.578,5.5018
2008,PRK,North Korea,1.0552,0.8033
2008,PRT,Portugal,2.2029,1.5
2008,PRY,Paraguay,0.9669,0.3816
2008,PSE,Palestine,0.1207,0.1647
2008,QAT,Qatar,0.0672,0.0918
2008,ROU,Romania,4.2331,4.2648
2008,RUS,Russian Federation,24.4546,34.9351
2008,RWA,Rwanda,0.17,0.1299
2008,SAU,Saudi Arabia,0.7462,1.0181
2008,SDN,Sudan,0.885,1.1571
2008,SEN,Senegal,0.2209,0.1688
2008,SGP,Singapore,0.2048,0.1095
2008,SLB,Solomon Islands,0.059,0.0398
2008,SLE,Sierra Leone,0.1029,0.0786
2008,SLV,El Salvador,0.6709,0.3328
2008,SMR,San Marino,0.0034,0.0039
2008,SOM,Somalia,0.2293,0.1753
2008,SRB,Serbia,0.4208,0.4549
2008,SSD,South Sudan,0.1423,0.1086
2008,STP,Sao Tome and Principe,0.0028,0.0021
2008,SUR,Suriname,0.0882,0.0348
2008,SVK,Slovakia,0.416,0.378
2008,SVN,Slovenia,0.2662,0.6509
2008,SWE,Sweden,0.8618,1.7307
2008,SWZ,Eswatini,0.0146,0.0112
2008,SYC,Seychelles,0.0015,0.0011
2008,SYR,Syria,0.1493,0.2036
2008,TCD,Chad,0.2451,0.1873
2008,TGO,Togo,0.1135,0.0867
2008,THA,Thailand,13.084,1.8509
2008,TJK,Tajikistan,0.2548,0.2829
2008,TKM,Turkmenistan,0.446,0.4951
2008,TLS,Timor-Leste,0.0747,0.0399
2008,TON,Tonga,0.0073,0.005
2008,TTO,Trinidad and Tobago,0.1207,0.0827
2008,TUN,Tunisia,0.3115,0.4072
2008,TUR,Turkey,1.1048,2.1076
2008,TUV,Tuvalu,0.0007,0.0005
2008,TWN,Taiwan,0.9179,0.6988
2008,TZA,Tanzania,0.6051,0.4623
2008,UGA,Uganda,0.5997,0.4582
2008,UKR,Ukraine,4.5325,6.6424
2008,URY,Uruguay,0.4666,0.1842
2008,USA,United States,71.2118,78.6978
2008,UZB,Uzbekistan,0.6372,0.7073
2008,VAT,Vatican City,0.0001,0.0001
2008,VCT,Saint Vincent and the Grenadines,0.008,0.0054
2008,VEN,Venezuela,3.9317,1.5517
2008,VNM,Vietnam,1.4145,0.4319
2008,VUT,Vanuatu,0.0236,0.0159
2008,WSM,Samoa,0.0154,0.0104
2008,XKX,Kosovo,0.0473,0.0494
2008,YEM,Yemen,0.9019,1.2306
2008,ZAF,South Africa,0.7779,0.5944
2008,ZMB,Zambia,0.2161,0.1652
2008,ZWE,Zimbabwe,0.3025,0.2312
2009,AFG,Afghanistan,0.2642,0.19
2009,AGO,Angola,0.4641,0.3559
2009,ALB,Albania,0.096,0.0997
2009,AND,Andorra,0.0084,0.0097
2009,ARE,United Arab Emirates,0.503,0.693
2009,ARG,Argentina,7.0739,2.2759
2009,ARM,Armenia,0.2012,0.2772
2009,ATG,Antigua and Barbuda,0.0076,0.0052
2009,AUS,Australia,3.515,2.6638
2009,AUT,Austria,0.827,2.034
2009,AZE,Azerbaijan,0.4024,0.5544
2009,BDI,Burundi,0.1711,0.1312
2009,BEL,Belgium,1.3594,1.9163
2009,BEN,Benin,0.1762,0.135
2009,BFA,Burkina Faso,0.2862,0.2195
2009,BGD,Bangladesh,1.5317,1.1013
2009,BGR,Bulgaria,0.7355,0.7911
2009,BHR,Bahrain,0.0359,0.0494
2009,BHS,Bahamas,0.0326,0.0225
2009,BIH,Bosnia and Herzegovina,0.1728,0.1801
2009,BLR,Belarus,0.5153,0.5976
2009,BLZ,Belize,0.0453,0.0226
2009,BOL,Bolivia,1.7607,0.698
2009,BRA,Brazil,39.577,11.8202
2009,BRB,Barbados,0.0229,0.0157
2009,BRN,Brunei,0.025,0.0135
2009,BTN,Bhutan,0.0069,0.005
2009,BWA,Botswana,0.1321,0.1013
2009,CAF,Central African Republic,0.0655,0.0503
2009,CAN,Canada,5.8252,8.3
2009,CHE,Switzerland,0.5141,1.2904
2009,CHL,Chile,1.2559,0.4979
2009,CHN,China,31.4123,25.0919
2009,CIV,Ivory Coast,0.3522,0.2701
2009,CMR,Cameroon,0.2642,0.2026
2009,COD,DR Congo,1.3414,1.0286
2009,COG,Republic of the Congo,0.0771,0.0591
2009,COL,Colombia,3.8446,1.5241
2009,COM,Comoros,0.0105,0.0081
2009,CPV,Cape Verde,0.0063,0.0048
2009,CRI,Costa Rica,0.552,0.275
2009,CUB,Cuba,0.8856,0.6099
2009,CYP,Cyprus,0.0539,0.0481
2009,CZE,Czechia,1.3025,1.8415
2009,DEU,Germany,5.3,8.079
2009,DJI,Djibouti,0.0141,0.0108
2009,DMA,Dominica,0.0053,0.0037
2009,DNK,Denmark,0.5439,0.698
2009,DOM,Dominican Republic,0.9329,0.6424
2009,DZA,Algeria,0.7893,1.0395
2009,ECU,Ecuador,2.5594,1.0146
2009,EGY,Egypt,1.3153,1.7326
2009,ERI,Eritrea,0.0429,0.0329
2009,ESP,Spain,4.7951,3.3831
2009,EST,Estonia,0.1297,0.285
2009,ETH,Ethiopia,0.8806,0.6753
2009,FIN,Finland,1.0655,0.6576
2009,FJI,Fiji,0.0666,0.0452
2009,FRA,France,7.7431,10.8085
2009,FSM,Micronesia,0.0081,0.0055
2009,GAB,Gabon,0.0308,0.0236
2009,GBR,United Kingdom,7.7279,8.1885
2009,GEO,Georgia,0.2516,0.3465
2009,GHA,Ghana,0.4403,0.3377
2009,GIN,Guinea,0.1795,0.1376
2009,GMB,Gambia,0.0336,0.0258
2009,GNB,Guinea-Bissau,0.0267,0.0205
2009,GNQ,Equatorial Guinea,0.0231,0.0177
2009,GRC,Greece,0.66,0.6
2009,GRD,Grenada,0.0095,0.0065
2009,GTM,Guatemala,2.0019,0.9973
2009,GUY,Guyana,0.117,0.0464
2009,HND,Honduras,1.179,0.5873
2009,HRV,Croatia,0.6778,0.384
2009,HTI,Haiti,0.9642,0.664
2009,HUN,Hungary,2.7027,2.1276
2009,IDN,Indonesia,2.9389,1.5829
2009,IND,India,8.8062,6.3316
2009,IRL,Ireland,0.4282,0.325
2009,IRN,Iran,1.7612,1.2663
2009,IRQ,Iraq,0.2516,0.3465
2009,ISL,Iceland,0.0238,0.0323
2009,ISR,Israel,0.2078,0.2863
2009,ITA,Italy,6.8782,7.2231
2009,JAM,Jamaica,0.2297,0.1582
2009,JOR,Jordan,0.1509,0.2079
2009,JPN,Japan,12.4174,10.7935
2009,KAZ,Kazakhstan,1.2914,1.441
2009,KEN,Kenya,0.8806,0.6753
2009,KGZ,Kyrgyzstan,0.3229,0.3602
2009,KHM,Cambodia,0.9567,0.5153
2009,KIR,Kiribati,0.0098,0.0066
2009,KNA,Saint Kitts and Nevis,0.0038,0.0026
2009,KOR,South Korea,2.7623,1.2663
2009,KWT,Kuwait,0.1097,0.1512
2009,LAO,Laos,0.422,0.2273
2009,LBN,Lebanon,0.1277,0.1759
2009,LBR,Liberia,0.0681,0.0522
2009,LBY,Libya,0.2631,0.3465
2009,LCA,Saint Lucia,0.0146,0.01
2009,LIE,Liechtenstein,0.0019,0.007
2009,LKA,Sri Lanka,0.2025,0.1456
2009,LSO,Lesotho,0.0281,0.0215
2009,LTU,Lithuania,0.5072,0.6
2009,LUX,Luxembourg,0.0658,0.0901
2009,LVA,Latvia,0.2386,0.4
2009,MAR,Morocco,0.5262,0.693
2009,MCO,Monaco,0.0038,0.0045
2009,MDA,Moldova,0.1764,0.1828
2009,MDG,Madagascar,0.2642,0.2026
2009,MDV,Maldives,0.0046,0.0033
2009,MEX,Mexico,9.7388,4.8512
2009,MHL,Marshall Islands,0.0025,0.0018
2009,MKD,North Macedonia,0.0787,0.0813
2009,MLI,Mali,0.2996,0.2297
2009,MLT,Malta,0.0677,0.076
2009,MMR,Myanmar,2.9403,1.5836
2009,MNE,Montenegro,0.0357,0.0376
2009,MNG,Mongolia,0.1416,0.1091
2009,MOZ,Mozambique,0.4236,0.3248
2009,MRT,Mauritania,0.0632,0.0485
2009,MUS,Mauritius,0.0151,0.0116
2009,MWI,Malawi,0.2641,0.2025
2009,MYS,Malaysia,0.5044,1.2663
2009,NAM,Namibia,0.088,0.0676
2009,NER,Niger,0.3319,0.2545
2009,NGA,Nigeria,2.6419,2.026
2009,NIC,Nicaragua,0.7507,0.374
2009,NLD,Netherlands,1.5316,2.9324
2009,NOR,Norway,0.4275,0.77
2009,NPL,Nepal,0.2582,0.1857
2009,NRU,Nauru,0.0008,0.0006
2009,NZL,New Zealand,0.939,0.7103
2009,OMN,Oman,0.12,0.1653
2009,PAK,Pakistan,4.4031,3.1658
2009,PAN,Panama,0.4897,0.2439
2009,PER,Peru,4.8441,1.9203
2009,PHL,Philippines,8.2494,0.6332
2009,PLW,Palau,0.0013,0.0008
2009,PNG,Papua New Guinea,0.2124,0.1441
2009,POL,Poland,7.4377,5.5507
2009,PRK,North Korea,1.0694,0.8243
2009,PRT,Portugal,2.1924,1.5
2009,PRY,Paraguay,0.9815,0.389
2009,PSE,Palestine,0.122,0.1681
2009,QAT,Qatar,0.068,0.0937
2009,ROU,Romania,4.2165,4.0783
2009,RUS,Russian Federation,23.721,33.8871
2009,RWA,Rwanda,0.1732,0.1329
2009,SAU,Saudi Arabia,0.7546,1.0395
2009,SDN,Sudan,0.8969,1.1814
2009,SEN,Senegal,0.2251,0.1726
2009,SGP,Singapore,0.2086,0.1123
2009,SLB,Solomon Islands,0.0598,0.0406
2009,SLE,Sierra Leone,0.1048,0.0804
2009,SLV,El Salvador,0.682,0.3397
2009,SMR,San Marino,0.0034,0.0039
2009,SOM,Somalia,0.2336,0.1792
2009,SRB,Serbia,0.4233,0.459
2009,SSD,South Sudan,0.1449,0.1111
2009,STP,Sao Tome and Principe,0.0029,0.0022
2009,SUR,Suriname,0.0896,0.0355
2009,SVK,Slovakia,0.3533,0.3367
2009,SVN,Slovenia,0.2685,0.6314
2009,SWE,Sweden,0.8303,1.765
2009,SWZ,Eswatini,0.0149,0.0114
2009,SYC,Seychelles,0.0015,0.0012
2009,SYR,Syria,0.1509,0.2079
2009,TCD,Chad,0.2497,0.1915
2009,TGO,Togo,0.1156,0.0886
2009,THA,Thailand,13.3293,1.8995
2009,TJK,Tajikistan,0.2583,0.2882
2009,TKM,Turkmenistan,0.4521,0.5044
2009,TLS,Timor-Leste,0.0761,0.041
2009,TON,Tonga,0.0074,0.0051
2009,TTO,Trinidad and Tobago,0.1224,0.0843
2009,TUN,Tunisia,0.3157,0.4158
2009,TUR,Turkey,1.114,2.2235
2009,TUV,Tuvalu,0.0007,0.0005
2009,TWN,Taiwan,0.9303,0.7171
2009,TZA,Tanzania,0.6164,0.4727
2009,UGA,Uganda,0.6109,0.4685
2009,UKR,Ukraine,4.5597,6.7022
2009,URY,Uruguay,0.4736,0.1878
2009,USA,United States,70.7718,77.2383
2009,UZB,Uzbekistan,0.6458,0.7205
2009,VAT,Vatican City,0.0001,0.0001
2009,VCT,Saint Vincent and the Grenadines,0.0081,0.0055
2009,VEN,Venezuela,3.9907,1.582
2009,VNM,Vietnam,1.441,0.4432
2009,VUT,Vanuatu,0.0239,0.0162
2009,WSM,Samoa,0.0156,0.0106
2009,XKX,Kosovo,0.0476,0.0498
2009,YEM,Yemen,0.9121,1.2565
2009,ZAF,South Africa,0.7925,0.6078
2009,ZMB,Zambia,0.2202,0.1689
2009,ZWE,Zimbabwe,0.3082,0.2364
2010,AFG,Afghanistan,0.2692,0.1949
2010,AGO,Angola,0.4728,0.3639
2010,ALB,Albania,0.0965,0.1006
2010,AND,Andorra,0.0085,0.0098
2010,ARE,United Arab Emirates,0.5087,0.7076
2010,ARG,Argentina,7.18,2.3203
2010,ARM,Armenia,0.2035,0.283
2010,ATG,Antigua and Barbuda,0.0077,0.0053
2010,AUS,Australia,3.675,2.8103
2010,AUT,Austria,0.827,2.034
2010,AZE,Azerbaijan,0.4069,0.566
2010,BDI,Burundi,0.1743,0.1342
2010,BEL,Belgium,1.3,1.9
2010,BEN,Benin,0.1795,0.1381
2010,BFA,Burkina Faso,0.2916,0.2245
2010,BGD,Bangladesh,1.5605,1.1302
2010,BGR,Bulgaria,0.736,0.792
2010,BHR,Bahrain,0.0363,0.0504
2010,BHS,Bahamas,0.0331,0.0229
2010,BIH,Bosnia and Herzegovina,0.1738,0.1818
2010,BLR,Belarus,0.5184,0.603
2010,BLZ,Belize,0.046,0.0231
2010,BOL,Bolivia,1.7871,0.7116
2010,BRA,Brazil,42.4131,11.7846
2010,BRB,Barbados,0.0232,0.016
2010,BRN,Brunei,0.0255,0.0138
2010,BTN,Bhutan,0.0071,0.0051
2010,BWA,Botswana,0.1345,0.1036
2010,CAF,Central African Republic,0.0668,0.0514
2010,CAN,Canada,6.0508,8.3
2010,CHE,Switzerland,0.5131,1.3247
2010,CHL,Chile,1.2748,0.5076
2010,CHN,China,33.14,26.472
2010,CIV,Ivory Coast,0.3588,0.2762
2010,CMR,Cameroon,0.2692,0.2072
2010,COD,DR Congo,1.3665,1.0518
2010,COG,Republic of the Congo,0.0786,0.0604
2010,COL,Colombia,3.9022,1.5538
2010,COM,Comoros,0.0107,0.0082
2010,CPV,Cape Verde,0.0064,0.0049
2010,CRI,Costa Rica,0.5611,0.2807
2010,CUB,Cuba,0.8976,0.6214
2010,CYP,Cyprus,0.0543,0.0485
2010,CZE,Czechia,1.366,1.7863
2010,DEU,Germany,5.3,8.2
2010,DJI,Djibouti,0.0144,0.011
2010,DMA,Dominica,0.0054,0.0037
2010,DNK,Denmark,0.5493,0.6954
2010,DOM,Dominican Republic,0.9455,0.6545
2010,DZA,Algeria,0.7999,1.0613
2010,ECU,Ecuador,2.5978,1.0344
2010,EGY,Egypt,1.3331,1.769
2010,ERI,Eritrea,0.0437,0.0336
2010,ESP,Spain,4.7,3.4
2010,EST,Estonia,0.1368,0.285
2010,ETH,Ethiopia,0.8972,0.6905
2010,FIN,Finland,1.0335,0.6809
2010,FJI,Fiji,0.0676,0.046
2010,FRA,France,7.6,11.0
2010,FSM,Micronesia,0.0083,0.0056
2010,GAB,Gabon,0.0314,0.0242
2010,GBR,United Kingdom,8.0,8.0
2010,GEO,Georgia,0.2544,0.3538
2010,GHA,Ghana,0.4485,0.3453
2010,GIN,Guinea,0.1829,0.1407
2010,GMB,Gambia,0.0342,0.0263
2010,GNB,Guinea-Bissau,0.0272,0.021
2010,GNQ,Equatorial Guinea,0.0235,0.0181
2010,GRC,Greece,0.66,0.6
2010,GRD,Grenada,0.0096,0.0066
2010,GTM,Guatemala,2.035,1.0182
2010,GUY,Guyana,0.1187,0.0473
2010,HND,Honduras,1.1984,0.5996
2010,HRV,Croatia,0.6819,0.3875
2010,HTI,Haiti,0.9772,0.6764
2010,HUN,Hungary,2.9,2.2
2010,IDN,Indonesia,2.994,1.6244
2010,IND,India,8.9713,6.4978
2010,IRL,Ireland,0.4305,0.325
2010,IRN,Iran,1.7942,1.2995
2010,IRQ,Iraq,0.2544,0.3538
2010,ISL,Iceland,0.0239,0.0326
2010,ISR,Israel,0.2101,0.2923
2010,ITA,Italy,7.0,7.4
2010,JAM,Jamaica,0.2328,0.1612
2010,JOR,Jordan,0.1526,0.2123
2010,JPN,Japan,11.861,10.6212
2010,KAZ,Kazakhstan,1.3089,1.468
2010,KEN,Kenya,0.8972,0.6905
2010,KGZ,Kyrgyzstan,0.3272,0.367
2010,KHM,Cambodia,0.9746,0.5288
2010,KIR,Kiribati,0.0099,0.0067
2010,KNA,Saint Kitts and Nevis,0.0038,0.0027
2010,KOR,South Korea,2.7996,1.2995
2010,KWT,Kuwait,0.111,0.1543
2010,LAO,Laos,0.4299,0.2333
2010,LBN,Lebanon,0.1291,0.1796
2010,LBR,Liberia,0.0694,0.0534
2010,LBY,Libya,0.2666,0.3538
2010,LCA,Saint Lucia,0.0148,0.0102
2010,LIE,Liechtenstein,0.0019,0.007
2010,LKA,Sri Lanka,0.2063,0.1494
2010,LSO,Lesotho,0.0287,0.022
2010,LTU,Lithuania,0.5118,0.6
2010,LUX,Luxembourg,0.0662,0.0909
2010,LVA,Latvia,0.2409,0.4
2010,MAR,Morocco,0.5333,0.7076
2010,MCO,Monaco,0.0039,0.0046
2010,MDA,Moldova,0.1775,0.1844
2010,MDG,Madagascar,0.2692,0.2072
2010,MDV,Maldives,0.0047,0.0034
2010,MEX,Mexico,9.8995,4.9531
2010,MHL,Marshall Islands,0.0026,0.0018
2010,MKD,North Macedonia,0.0791,0.082
2010,MLI,Mali,0.3052,0.2349
2010,MLT,Malta,0.0681,0.0767
2010,MMR,Myanmar,2.9954,1.6252
2010,MNE,Montenegro,0.0359,0.0379
2010,MNG,Mongolia,0.1435,0.112
2010,MOZ,Mozambique,0.4315,0.3321
2010,MRT,Mauritania,0.0644,0.0496
2010,MUS,Mauritius,0.0154,0.0118
2010,MWI,Malawi,0.2691,0.2071
2010,MYS,Malaysia,0.5138,1.2995
2010,NAM,Namibia,0.0897,0.0691
2010,NER,Niger,0.3382,0.2602
2010,NGA,Nigeria,2.6914,2.0716
2010,NIC,Nicaragua,0.7631,0.3818
2010,NLD,Netherlands,1.5,2.9
2010,NOR,Norway,0.432,0.77
2010,NPL,Nepal,0.263,0.1905
2010,NRU,Nauru,0.0009,0.0006
2010,NZL,New Zealand,0.9475,0.7199
2010,OMN,Oman,0.1213,0.1687
2010,PAK,Pakistan,4.4856,3.2489
2010,PAN,Panama,0.4978,0.2491
2010,PER,Peru,4.9168,1.9577
2010,PHL,Philippines,8.8611,0.6498
2010,PLW,Palau,0.0013,0.0008
2010,PNG,Papua New Guinea,0.2156,0.1468
2010,POL,Poland,7.3,5.6
2010,PRK,North Korea,1.0839,0.846
2010,PRT,Portugal,2.1819,1.5
2010,PRY,Paraguay,0.9962,0.3966
2010,PSE,Palestine,0.1234,0.1716
2010,QAT,Qatar,0.0688,0.0957
2010,ROU,Romania,4.2,3.9
2010,RUS,Russian Federation,23.0093,32.8705
2010,RWA,Rwanda,0.1765,0.1358
2010,SAU,Saudi Arabia,0.7631,1.0613
2010,SDN,Sudan,0.909,1.2063
2010,SEN,Senegal,0.2293,0.1765
2010,SGP,Singapore,0.2125,0.1153
2010,SLB,Solomon Islands,0.0607,0.0414
2010,SLE,Sierra Leone,0.1068,0.0822
2010,SLV,El Salvador,0.6932,0.3469
2010,SMR,San Marino,0.0034,0.0039
2010,SOM,Somalia,0.238,0.1832
2010,SRB,Serbia,0.4258,0.4631
2010,SSD,South Sudan,0.1477,0.1136
2010,STP,Sao Tome and Principe,0.0029,0.0022
2010,SUR,Suriname,0.0909,0.0362
2010,SVK,Slovakia,0.3,0.3
2010,SVN,Slovenia,0.2708,0.6124
2010,SWE,Sweden,0.8,1.8
2010,SWZ,Eswatini,0.0152,0.0117
2010,SYC,Seychelles,0.0016,0.0012
2010,SYR,Syria,0.1526,0.2123
2010,TCD,Chad,0.2544,0.1958
2010,TGO,Togo,0.1178,0.0906
2010,THA,Thailand,13.5793,1.9493
2010,TJK,Tajikistan,0.2617,0.2936
2010,TKM,Turkmenistan,0.4582,0.5138
2010,TLS,Timor-Leste,0.0775,0.0421
2010,TON,Tonga,0.0075,0.0051
2010,TTO,Trinidad and Tobago,0.124,0.0859
2010,TUN,Tunisia,0.32,0.4245
2010,TUR,Turkey,1.1232,2.3458
2010,TUV,Tuvalu,0.0007,0.0005
2010,TWN,Taiwan,0.9429,0.7359
2010,TZA,Tanzania,0.628,0.4833
2010,UGA,Uganda,0.6224,0.479
2010,UKR,Ukraine,4.587,6.7625
2010,URY,Uruguay,0.4807,0.1914
2010,USA,United States,70.3346,75.8059
2010,UZB,Uzbekistan,0.6545,0.7341
2010,VAT,Vatican City,0.0001,0.0001
2010,VCT,Saint Vincent and the Grenadines,0.0082,0.0056
2010,VEN,Venezuela,4.0505,1.6128
2010,VNM,Vietnam,1.468,0.4549
2010,VUT,Vanuatu,0.0243,0.0165
2010,WSM,Samoa,0.0159,0.0108
2010,XKX,Kosovo,0.0479,0.0503
2010,YEM,Yemen,0.9223,1.2829
2010,ZAF,South Africa,0.8074,0.6214
2010,ZMB,Zambia,0.2243,0.1727
2010,ZWE,Zimbabwe,0.314,0.2417
2011,AFG,Afghanistan,0.2742,0.2001
2011,AGO,Angola,0.4817,0.3721
2011,ALB,Albania,0.0971,0.1015
2011,AND,Andorra,0.0085,0.0099
2011,ARE,United Arab Emirates,0.5144,0.7224
2011,ARG,Argentina,7.2877,2.3655
2011,ARM,Armenia,0.2058,0.289
2011,ATG,Antigua and Barbuda,0.0078,0.0054
2011,AUS,Australia,3.8423,2.9649
2011,AUT,Austria,0.827,2.034
2011,AZE,Azerbaijan,0.4115,0.5779
2011,BDI,Burundi,0.1776,0.1372
2011,BEL,Belgium,1.3,1.9494
2011,BEN,Benin,0.1828,0.1412
2011,BFA,Burkina Faso,0.297,0.2295
2011,BGD,Bangladesh,1.5897,1.1599
2011,BGR,Bulgaria,0.7365,0.793
2011,BHR,Bahrain,0.0367,0.0515
2011,BHS,Bahamas,0.0335,0.0234
2011,BIH,Bosnia and Herzegovina,0.1748,0.1834
2011,BLR,Belarus,0.5216,0.6084
2011,BLZ,Belize,0.0468,0.0236
2011,BOL,Bolivia,1.8139,0.7255
2011,BRA,Brazil,45.4524,11.7491
2011,BRB,Barbados,0.0235,0.0163
2011,BRN,Brunei,0.026,0.0142
2011,BTN,Bhutan,0.0072,0.0052
2011,BWA,Botswana,0.1371,0.1059
2011,CAF,Central African Republic,0.068,0.0525
2011,CAN,Canada,6.2851,8.3
2011,CHE,Switzerland,0.5121,1.3599
2011,CHL,Chile,1.2939,0.5175
2011,CHN,China,34.9627,27.9279
2011,CIV,Ivory Coast,0.3656,0.2824
2011,CMR,Cameroon,0.2742,0.2118
2011,COD,DR Congo,1.3922,1.0755
2011,COG,Republic of the Congo,0.08,0.0618
2011,COL,Colombia,3.9608,1.5841
2011,COM,Comoros,0.0109,0.0084
2011,CPV,Cape Verde,0.0065,0.005
2011,CRI,Costa Rica,0.5704,0.2866
2011,CUB,Cuba,0.9097,0.633
2011,CYP,Cyprus,0.0546,0.049
2011,CZE,Czechia,1.4327,1.7327
2011,DEU,Germany,5.3,8.2
2011,DJI,Djibouti,0.0146,0.0113
2011,DMA,Dominica,0.0055,0.0038
2011,DNK,Denmark,0.5548,0.6928
2011,DOM,Dominican Republic,0.9583,0.6668
2011,DZA,Algeria,0.8107,1.0836
2011,ECU,Ecuador,2.6367,1.0545
2011,EGY,Egypt,1.3511,1.8061
2011,ERI,Eritrea,0.0445,0.0344
2011,ESP,Spain,5.0379,3.5944
2011,EST,Estonia,0.1444,0.285
2011,ETH,Ethiopia,0.914,0.7061
2011,FIN,Finland,1.0025,0.7051
2011,FJI,Fiji,0.0686,0.0469
2011,FRA,France,7.4993,11.1982
2011,FSM,Micronesia,0.0084,0.0058
2011,GAB,Gabon,0.032,0.0247
2011,GBR,United Kingdom,8.2462,8.2462
2011,GEO,Georgia,0.2573,0.3612
2011,GHA,Ghana,0.4569,0.353
2011,GIN,Guinea,0.1863,0.1439
2011,GMB,Gambia,0.0349,0.0269
2011,GNB,Guinea-Bissau,0.0278,0.0214
2011,GNQ,Equatorial Guinea,0.0239,0.0185
2011,GRC,Greece,0.66,0.6
2011,GRD,Grenada,0.0097,0.0068
2011,GTM,Guatemala,2.0685,1.0396
2011,GUY,Guyana,0.1205,0.0482
2011,HND,Honduras,1.2182,0.6122
2011,HRV,Croatia,0.686,0.391
2011,HTI,Haiti,0.9904,0.6891
2011,HUN,Hungary,2.4678,2.2494
2011,IDN,Indonesia,3.0501,1.6671
2011,IND,India,9.1395,6.6683
2011,IRL,Ireland,0.4329,0.325
2011,IRN,Iran,1.8279,1.3336
2011,IRQ,Iraq,0.2573,0.3612
2011,ISL,Iceland,0.0241,0.0329
2011,ISR,Israel,0.2125,0.2984
2011,ITA,Italy,6.9498,7.4498
2011,JAM,Jamaica,0.2359,0.1642
2011,JOR,Jordan,0.1544,0.2167
2011,JPN,Japan,11.4626,10.4516
2011,KAZ,Kazakhstan,1.3265,1.4955
2011,KEN,Kenya,0.914,0.7061
2011,KGZ,Kyrgyzstan,0.3317,0.3739
2011,KHM,Cambodia,0.9929,0.5427
2011,KIR,Kiribati,0.0101,0.0069
2011,KNA,Saint Kitts and Nevis,0.0039,0.0027
2011,KOR,South Korea,2.8373,1.3336
2011,KWT,Kuwait,0.1122,0.1576
2011,LAO,Laos,0.438,0.2394
2011,LBN,Lebanon,0.1306,0.1834
2011,LBR,Liberia,0.0707,0.0546
2011,LBY,Libya,0.2702,0.3612
2011,LCA,Saint Lucia,0.015,0.0104
2011,LIE,Liechtenstein,0.0019,0.0071
2011,LKA,Sri Lanka,0.2102,0.1533
2011,LSO,Lesotho,0.0292,0.0225
2011,LTU,Lithuania,0.5164,0.6
2011,LUX,Luxembourg,0.0666,0.0917
2011,LVA,Latvia,0.2432,0.4
2011,MAR,Morocco,0.5405,0.7224
2011,MCO,Monaco,0.0039,0.0046
2011,MDA,Moldova,0.1785,0.1861
2011,MDG,Madagascar,0.2742,0.2118
2011,MDV,Maldives,0.0048,0.0035
2011,MEX,Mexico,10.0628,5.0571
2011,MHL,Marshall Islands,0.0026,0.0019
2011,MKD,North Macedonia,0.0796,0.0828
2011,MLI,Mali,0.3109,0.2402
2011,MLT,Malta,0.0685,0.0774
2011,MMR,Myanmar,3.0516,1.6679
2011,MNE,Montenegro,0.0361,0.0383
2011,MNG,Mongolia,0.1454,0.1149
2011,MOZ,Mozambique,0.4396,0.3396
2011,MRT,Mauritania,0.0656,0.0507
2011,MUS,Mauritius,0.0157,0.0121
2011,MWI,Malawi,0.2741,0.2118
2011,MYS,Malaysia,0.5234,1.3336
2011,NAM,Namibia,0.0914,0.0706
2011,NER,Niger,0.3445,0.2661
2011,NGA,Nigeria,2.7418,2.1182
2011,NIC,Nicaragua,0.7757,0.3898
2011,NLD,Netherlands,1.5492,2.7982
2011,NOR,Norway,0.4366,0.77
2011,NPL,Nepal,0.2679,0.1955
2011,NRU,Nauru,0.0009,0.0006
2011,NZL,New Zealand,0.956,0.7296
2011,OMN,Oman,0.1227,0.1723
2011,PAK,Pakistan,4.5697,3.3342
2011,PAN,Panama,0.506,0.2543
2011,PER,Peru,4.9905,1.9959
2011,PHL,Philippines,9.5181,0.6669
2011,PLW,Palau,0.0013,0.0008
2011,PNG,Papua New Guinea,0.2188,0.1496
2011,POL,Poland,7.3498,5.6498
2011,PRK,North Korea,1.0985,0.8682
2011,PRT,Portugal,2.1715,1.5
2011,PRY,Paraguay,1.0111,0.4043
2011,PSE,Palestine,0.1248,0.1753
2011,QAT,Qatar,0.0695,0.0977
2011,ROU,Romania,4.1497,3.9987
2011,RUS,Russian Federation,22.3191,31.8844
2011,RWA,Rwanda,0.1798,0.1389
2011,SAU,Saudi Arabia,0.7717,1.0836
2011,SDN,Sudan,0.9213,1.2316
2011,SEN,Senegal,0.2336,0.1805
2011,SGP,Singapore,0.2165,0.1183
2011,SLB,Solomon Islands,0.0617,0.0421
2011,SLE,Sierra Leone,0.1088,0.0841
2011,SLV,El Salvador,0.7047,0.3542
2011,SMR,San Marino,0.0034,0.004
2011,SOM,Somalia,0.2425,0.1874
2011,SRB,Serbia,0.4284,0.4673
2011,SSD,South Sudan,0.1504,0.1161
2011,STP,Sao Tome and Principe,0.003,0.0023
2011,SUR,Suriname,0.0923,0.0369
2011,SVK,Slovakia,0.5196,0.3873
2011,SVN,Slovenia,0.2732,0.5941
2011,SWE,Sweden,0.7483,1.5297
2011,SWZ,Eswatini,0.0155,0.012
2011,SYC,Seychelles,0.0016,0.0012
2011,SYR,Syria,0.1544,0.2167
2011,TCD,Chad,0.2591,0.2002
2011,TGO,Togo,0.12,0.0927
2011,THA,Thailand,13.8339,2.0005
2011,TJK,Tajikistan,0.2653,0.2991
2011,TKM,Turkmenistan,0.4643,0.5234
2011,TLS,Timor-Leste,0.0789,0.0432
2011,TON,Tonga,0.0076,0.0052
2011,TTO,Trinidad and Tobago,0.1257,0.0875
2011,TUN,Tunisia,0.3243,0.4334
2011,TUR,Turkey,1.1325,2.4748
2011,TUV,Tuvalu,0.0007,0.0005
2011,TWN,Taiwan,0.9556,0.7552
2011,TZA,Tanzania,0.6398,0.4942
2011,UGA,Uganda,0.634,0.4898
2011,UKR,Ukraine,4.6145,6.8234
2011,URY,Uruguay,0.4879,0.1952
2011,USA,United States,69.9,74.4
2011,UZB,Uzbekistan,0.6633,0.7478
2011,VAT,Vatican City,0.0001,0.0001
2011,VCT,Saint Vincent and the Grenadines,0.0083,0.0058
2011,VEN,Venezuela,4.1113,1.6443
2011,VNM,Vietnam,1.4955,0.4668
2011,VUT,Vanuatu,0.0247,0.0168
2011,WSM,Samoa,0.0161,0.011
2011,XKX,Kosovo,0.0481,0.0507
2011,YEM,Yemen,0.9327,1.3098
2011,ZAF,South Africa,0.8225,0.6354
2011,ZMB,Zambia,0.2285,0.1766
2011,ZWE,Zimbabwe,0.3199,0.2471
2012,AFG,Afghanistan,0.2793,0.2053
2012,AGO,Angola,0.4907,0.3805
2012,ALB,Albania,0.0977,0.1024
2012,AND,Andorra,0.0086,0.01
2012,ARE,United Arab Emirates,0.5202,0.7376
2012,ARG,Argentina,7.397,2.4117
2012,ARM,Armenia,0.2081,0.295
2012,ATG,Antigua and Barbuda,0.0079,0.0055
2012,AUS,Australia,4.0172,3.128
2012,AUT,Austria,0.827,2.034
2012,AZE,Azerbaijan,0.4161,0.5901
2012,BDI,Burundi,0.1809,0.1403
2012,BEL,Belgium,1.3,2.0
2012,BEN,Benin,0.1863,0.1444
2012,BFA,Burkina Faso,0.3026,0.2347
2012,BGD,Bangladesh,1.6195,1.1903
2012,BGR,Bulgaria,0.737,0.794
2012,BHR,Bahrain,0.0371,0.0526
2012,BHS,Bahamas,0.034,0.0238
2012,BIH,Bosnia and Herzegovina,0.1759,0.185
2012,BLR,Belarus,0.5247,0.6139
2012,BLZ,Belize,0.0475,0.024
2012,BOL,Bolivia,1.8411,0.7396
2012,BRA,Brazil,48.7095,11.7137
2012,BRB,Barbados,0.0238,0.0166
2012,BRN,Brunei,0.0265,0.0145
2012,BTN,Bhutan,0.0073,0.0054
2012,BWA,Botswana,0.1396,0.1083
2012,CAF,Central African Republic,0.0693,0.0537
2012,CAN,Canada,6.5285,8.3
2012,CHE,Switzerland,0.511,1.3961
2012,CHL,Chile,1.3133,0.5276
2012,CHN,China,36.8857,29.4639
2012,CIV,Ivory Coast,0.3724,0.2887
2012,CMR,Cameroon,0.2793,0.2166
2012,COD,DR Congo,1.4183,1.0997
2012,COG,Republic of the Congo,0.0815,0.0632
2012,COL,Colombia,4.0202,1.615
2012,COM,Comoros,0.0111,0.0086
2012,CPV,Cape Verde,0.0066,0.0051
2012,CRI,Costa Rica,0.5798,0.2927
2012,CUB,Cuba,0.922,0.6449
2012,CYP,Cyprus,0.0549,0.0494
2012,CZE,Czechia,1.5026,1.6807
2012,DEU,Germany,5.3,8.2
2012,DJI,Djibouti,0.0149,0.0115
2012,DMA,Dominica,0.0056,0.0039
2012,DNK,Denmark,0.5604,0.6902
2012,DOM,Dominican Republic,0.9712,0.6793
2012,DZA,Algeria,0.8217,1.1064
2012,ECU,Ecuador,2.6763,1.0751
2012,EGY,Egypt,1.3693,1.844
2012,ERI,Eritrea,0.0453,0.0352
2012,ESP,Spain,5.4,3.8
2012,EST,Estonia,0.1523,0.285
2012,ETH,Ethiopia,0.9311,0.7219
2012,FIN,Finland,0.9724,0.7301
2012,FJI,Fiji,0.0696,0.0477
2012,FRA,France,7.4,11.4
2012,FSM,Micronesia,0.0085,0.0059
2012,GAB,Gabon,0.0326,0.0253
2012,GBR,United Kingdom,8.5,8.5
2012,GEO,Georgia,0.2601,0.3688
2012,GHA,Ghana,0.4655,0.361
2012,GIN,Guinea,0.1898,0.1471
2012,GMB,Gambia,0.0355,0.0275
2012,GNB,Guinea-Bissau,0.0283,0.0219
2012,GNQ,Equatorial Guinea,0.0244,0.0189
2012,GRC,Greece,0.66,0.6
2012,GRD,Grenada,0.0099,0.0069
2012,GTM,Guatemala,2.1027,1.0614
2012,GUY,Guyana,0.1223,0.0492
2012,HND,Honduras,1.2383,0.625
2012,HRV,Croatia,0.6901,0.3945
2012,HTI,Haiti,1.0037,0.702
2012,HUN,Hungary,2.1,2.3
2012,IDN,Indonesia,3.1073,1.7108
2012,IND,India,9.3109,6.8434
2012,IRL,Ireland,0.4353,0.325
2012,IRN,Iran,1.8621,1.3686
2012,IRQ,Iraq,0.2601,0.3688
2012,ISL,Iceland,0.0242,0.0332
2012,ISR,Israel,0.2149,0.3047
2012,ITA,Italy,6.9,7.5
2012,JAM,Jamaica,0.2391,0.1673
2012,JOR,Jordan,0.1561,0.2213
2012,JPN,Japan,11.0776,10.2848
2012,KAZ,Kazakhstan,1.3445,1.5236
2012,KEN,Kenya,0.9311,0.7219
2012,KGZ,Kyrgyzstan,0.3361,0.3809
2012,KHM,Cambodia,1.0115,0.5569
2012,KIR,Kiribati,0.0102,0.007
2012,KNA,Saint Kitts and Nevis,0.004,0.0028
2012,KOR,South Korea,2.8757,1.3686
2012,KWT,Kuwait,0.1135,0.1609
2012,LAO,Laos,0.4462,0.2457
2012,LBN,Lebanon,0.132,0.1872
2012,LBR,Liberia,0.0721,0.0558
2012,LBY,Libya,0.2739,0.3688
2012,LCA,Saint Lucia,0.0152,0.0106
2012,LIE,Liechtenstein,0.0019,0.0072
2012,LKA,Sri Lanka,0.2141,0.1574
2012,LSO,Lesotho,0.0297,0.023
2012,LTU,Lithuania,0.5211,0.6
2012,LUX,Luxembourg,0.067,0.0925
2012,LVA,Latvia,0.2456,0.4
2012,MAR,Morocco,0.5478,0.7376
2012,MCO,Monaco,0.0039,0.0047
2012,MDA,Moldova,0.1796,0.1877
2012,MDG,Madagascar,0.2793,0.2166
2012,MDV,Maldives,0.0049,0.0036
2012,MEX,Mexico,10.2289,5.1633
2012,MHL,Marshall Islands,0.0027,0.0019
2012,MKD,North Macedonia,0.0801,0.0835
2012,MLI,Mali,0.3167,0.2456
2012,MLT,Malta,0.0689,0.0781
2012,MMR,Myanmar,3.1088,1.7116
2012,MNE,Montenegro,0.0363,0.0386
2012,MNG,Mongolia,0.1474,0.1179
2012,MOZ,Mozambique,0.4478,0.3472
2012,MRT,Mauritania,0.0668,0.0518
2012,MUS,Mauritius,0.0159,0.0124
2012,MWI,Malawi,0.2793,0.2165
2012,MYS,Malaysia,0.5333,1.3686
2012,NAM,Namibia,0.0931,0.0722
2012,NER,Niger,0.351,0.2721
2012,NGA,Nigeria,2.7933,2.1658
2012,NIC,Nicaragua,0.7885,0.398
2012,NLD,Netherlands,1.6,2.7
2012,NOR,Norway,0.4412,0.77
2012,NPL,Nepal,0.273,0.2007
2012,NRU,Nauru,0.0009,0.0006
2012,NZL,New Zealand,0.9646,0.7395
2012,OMN,Oman,0.1241,0.1759
2012,PAK,Pakistan,4.6554,3.4217
2012,PAN,Panama,0.5144,0.2596
2012,PER,Peru,5.0654,2.0348
2012,PHL,Philippines,10.2239,0.6844
2012,PLW,Palau,0.0013,0.0009
2012,PNG,Papua New Guinea,0.2221,0.1524
2012,POL,Poland,7.4,5.7
2012,PRK,North Korea,1.1133,0.891
2012,PRT,Portugal,2.1612,1.5
2012,PRY,Paraguay,1.0263,0.4122
2012,PSE,Palestine,0.1262,0.1789
2012,QAT,Qatar,0.0703,0.0998
2012,ROU,Romania,4.1,4.1
2012,RUS,Russian Federation,21.6495,30.9278
2012,RWA,Rwanda,0.1832,0.142
2012,SAU,Saudi Arabia,0.7803,1.1064
2012,SDN,Sudan,0.9338,1.2575
2012,SEN,Senegal,0.238,0.1845
2012,SGP,Singapore,0.2206,0.1214
2012,SLB,Solomon Islands,0.0626,0.0429
2012,SLE,Sierra Leone,0.1108,0.086
2012,SLV,El Salvador,0.7163,0.3616
2012,SMR,San Marino,0.0034,0.004
2012,SOM,Somalia,0.247,0.1916
2012,SRB,Serbia,0.431,0.4715
2012,SSD,South Sudan,0.1532,0.1188
2012,STP,Sao Tome and Principe,0.003,0.0023
2012,SUR,Suriname,0.0937,0.0376
2012,SVK,Slovakia,0.9,0.5
2012,SVN,Slovenia,0.2755,0.5762
2012,SWE,Sweden,0.7,1.3
2012,SWZ,Eswatini,0.0158,0.0122
2012,SYC,Seychelles,0.0016,0.0013
2012,SYR,Syria,0.1561,0.2213
2012,TCD,Chad,0.264,0.2047
2012,TGO,Togo,0.1222,0.0947
2012,THA,Thailand,14.0933,2.053
2012,TJK,Tajikistan,0.2689,0.3047
2012,TKM,Turkmenistan,0.4706,0.5333
2012,TLS,Timor-Leste,0.0804,0.0443
2012,TON,Tonga,0.0077,0.0053
2012,TTO,Trinidad and Tobago,0.1274,0.0891
2012,TUN,Tunisia,0.3287,0.4426
2012,TUR,Turkey,1.1419,2.6109
2012,TUV,Tuvalu,0.0007,0.0005
2012,TWN,Taiwan,0.9685,0.7751
2012,TZA,Tanzania,0.6518,0.5053
2012,UGA,Uganda,0.6459,0.5008
2012,UKR,Ukraine,4.6422,6.8848
2012,URY,Uruguay,0.4953,0.199
2012,USA,United States,71.2285,70.8828
2012,UZB,Uzbekistan,0.6723,0.7618
2012,VAT,Vatican City,0.0001,0.0001
2012,VCT,Saint Vincent and the Grenadines,0.0084,0.0059
2012,VEN,Venezuela,4.173,1.6763
2012,VNM,Vietnam,1.5236,0.4791
2012,VUT,Vanuatu,0.025,0.0172
2012,WSM,Samoa,0.0163,0.0112
2012,XKX,Kosovo,0.0484,0.0512
2012,YEM,Yemen,0.9432,1.3373
2012,ZAF,South Africa,0.8379,0.6497
2012,ZMB,Zambia,0.2328,0.1805
2012,ZWE,Zimbabwe,0.3259,0.2527
2013,AFG,Afghanistan,0.2846,0.2107
2013,AGO,Angola,0.4999,0.389
2013,ALB,Albania,0.0983,0.1033
2013,AND,Andorra,0.0086,0.01
2013,ARE,United Arab Emirates,0.526,0.7531
2013,ARG,Argentina,7.508,2.4587
2013,ARM,Armenia,0.2105,0.3012
2013,ATG,Antigua and Barbuda,0.008,0.0056
2013,AUS,Australia,4.2,3.3
2013,AUT,Austria,0.827,2.034
2013,AZE,Azerbaijan,0.4208,0.6025
2013,BDI,Burundi,0.1843,0.1434
2013,BEL,Belgium,1.3025,2.0082
2013,BEN,Benin,0.1897,0.1476
2013,BFA,Burkina Faso,0.3083,0.24
2013,BGD,Bangladesh,1.6499,1.2216
2013,BGR,Bulgaria,0.7375,0.795
2013,BHR,Bahrain,0.0375,0.0537
2013,BHS,Bahamas,0.0344,0.0242
2013,BIH,Bosnia and Herzegovina,0.1769,0.1867
2013,BLR,Belarus,0.5278,0.6194
2013,BLZ,Belize,0.0483,0.0246
2013,BOL,Bolivia,1.8687,0.7541
2013,BRA,Brazil,52.2,11.6784
2013,BRB,Barbados,0.0241,0.0169
2013,BRN,Brunei,0.027,0.0149
2013,BTN,Bhutan,0.0075,0.0055
2013,BWA,Botswana,0.1422,0.1107
2013,CAF,Central African Republic,0.0706,0.0549
2013,CAN,Canada,6.7813,8.3
2013,CHE,Switzerland,0.51,1.4332
2013,CHL,Chile,1.333,0.5378
2013,CHN,China,38.9144,31.0845
2013,CIV,Ivory Coast,0.3794,0.2952
2013,CMR,Cameroon,0.2846,0.2215
2013,COD,DR Congo,1.4449,1.1244
2013,COG,Republic of the Congo,0.0831,0.0646
2013,COL,Colombia,4.0805,1.6465
2013,COM,Comoros,0.0113,0.0088
2013,CPV,Cape Verde,0.0068,0.0052
2013,CRI,Costa Rica,0.5894,0.2988
2013,CUB,Cuba,0.9344,0.657
2013,CYP,Cyprus,0.0552,0.0499
2013,CZE,Czechia,1.576,1.6303
2013,DEU,Germany,5.8311,9.0172
2013,DJI,Djibouti,0.0152,0.0118
2013,DMA,Dominica,0.0056,0.004
2013,DNK,Denmark,0.566,0.6877
2013,DOM,Dominican Republic,0.9843,0.692
2013,DZA,Algeria,0.8327,1.1296
2013,ECU,Ecuador,2.7164,1.096
2013,EGY,Egypt,1.3878,1.8828
2013,ERI,Eritrea,0.0462,0.0359
2013,ESP,Spain,5.5361,3.6821
2013,EST,Estonia,0.1607,0.285
2013,ETH,Ethiopia,0.9486,0.7382
2013,FIN,Finland,0.9432,0.756
2013,FJI,Fiji,0.0706,0.0486
2013,FRA,France,7.323,11.7258
2013,FSM,Micronesia,0.0086,0.006
2013,GAB,Gabon,0.0332,0.0258
2013,GBR,United Kingdom,8.5814,8.3245
2013,GEO,Georgia,0.2631,0.3765
2013,GHA,Ghana,0.4742,0.3691
2013,GIN,Guinea,0.1933,0.1504
2013,GMB,Gambia,0.0362,0.0282
2013,GNB,Guinea-Bissau,0.0288,0.0224
2013,GNQ,Equatorial Guinea,0.0248,0.0193
2013,GRC,Greece,0.66,0.6
2013,GRD,Grenada,0.01,0.007
2013,GTM,Guatemala,2.1374,1.0837
2013,GUY,Guyana,0.1242,0.0501
2013,HND,Honduras,1.2587,0.6382
2013,HRV,Croatia,0.6942,0.398
2013,HTI,Haiti,1.0173,0.7152
2013,HUN,Hungary,1.9076,2.247
2013,IDN,Indonesia,3.1656,1.7557
2013,IND,India,9.4855,7.023
2013,IRL,Ireland,0.4377,0.325
2013,IRN,Iran,1.8971,1.4046
2013,IRQ,Iraq,0.2631,0.3765
2013,ISL,Iceland,0.0244,0.0335
2013,ISR,Israel,0.2173,0.3111
2013,ITA,Italy,6.9169,7.4663
2013,JAM,Jamaica,0.2423,0.1704
2013,JOR,Jordan,0.1578,0.2259
2013,JPN,Japan,10.7056,10.1206
2013,KAZ,Kazakhstan,1.3626,1.5522
2013,KEN,Kenya,0.9486,0.7382
2013,KGZ,Kyrgyzstan,0.3407,0.388
2013,KHM,Cambodia,1.0305,0.5715
2013,KIR,Kiribati,0.0104,0.0071
2013,KNA,Saint Kitts and Nevis,0.004,0.0028
2013,KOR,South Korea,2.9145,1.4046
2013,KWT,Kuwait,0.1148,0.1643
2013,LAO,Laos,0.4546,0.2522
2013,LBN,Lebanon,0.1335,0.1912
2013,LBR,Liberia,0.0734,0.0571
2013,LBY,Libya,0.2776,0.3765
2013,LCA,Saint Lucia,0.0154,0.0108
2013,LIE,Liechtenstein,0.0019,0.0072
2013,LKA,Sri Lanka,0.2181,0.1615
2013,LSO,Lesotho,0.0303,0.0235
2013,LTU,Lithuania,0.5258,0.6
2013,LUX,Luxembourg,0.0674,0.0934
2013,LVA,Latvia,0.2479,0.4
2013,MAR,Morocco,0.5552,0.7531
2013,MCO,Monaco,0.0039,0.0047
2013,MDA,Moldova,0.1807,0.1894
2013,MDG,Madagascar,0.2846,0.2215
2013,MDV,Maldives,0.005,0.0037
2013,MEX,Mexico,10.3977,5.2717
2013,MHL,Marshall Islands,0.0027,0.0019
2013,MKD,North Macedonia,0.0806,0.0842
2013,MLI,Mali,0.3227,0.2511
2013,MLT,Malta,0.0693,0.0788
2013,MMR,Myanmar,3.1671,1.7566
2013,MNE,Montenegro,0.0365,0.039
2013,MNG,Mongolia,0.1494,0.121
2013,MOZ,Mozambique,0.4562,0.3551
2013,MRT,Mauritania,0.0681,0.053
2013,MUS,Mauritius,0.0162,0.0127
2013,MWI,Malawi,0.2845,0.2214
2013,MYS,Malaysia,0.5433,1.4046
2013,NAM,Namibia,0.0948,0.0739
2013,NER,Niger,0.3575,0.2782
2013,NGA,Nigeria,2.8456,2.2146
2013,NIC,Nicaragua,0.8015,0.4064
2013,NLD,Netherlands,1.5864,2.6899
2013,NOR,Norway,0.4459,0.77
2013,NPL,Nepal,0.2781,0.2059
2013,NRU,Nauru,0.0009,0.0006
2013,NZL,New Zealand,0.9733,0.7494
2013,OMN,Oman,0.1255,0.1796
2013,PAK,Pakistan,4.7427,3.5116
2013,PAN,Panama,0.5228,0.2651
2013,PER,Peru,5.1413,2.0745
2013,PHL,Philippines,10.982,0.7023
2013,PLW,Palau,0.0014,0.0009
2013,PNG,Papua New Guinea,0.2254,0.1552
2013,POL,Poland,7.433,5.8111
2013,PRK,North Korea,1.1284,0.9144
2013,PRT,Portugal,2.1508,1.5
2013,PRY,Paraguay,1.0417,0.4203
2013,PSE,Palestine,0.1276,0.1827
2013,QAT,Qatar,0.0711,0.1019
2013,ROU,Romania,4.0832,4.1327
2013,RUS,Russian Federation,21.0,30.0
2013,RWA,Rwanda,0.1866,0.1452
2013,SAU,Saudi Arabia,0.7891,1.1296
2013,SDN,Sudan,0.9464,1.2839
2013,SEN,Senegal,0.2424,0.1887
2013,SGP,Singapore,0.2247,0.1246
2013,SLB,Solomon Islands,0.0635,0.0437
2013,SLE,Sierra Leone,0.1129,0.0879
2013,SLV,El Salvador,0.7281,0.3692
2013,SMR,San Marino,0.0035,0.004
2013,SOM,Somalia,0.2517,0.1959
2013,SRB,Serbia,0.4336,0.4757
2013,SSD,South Sudan,0.1561,0.1214
2013,STP,Sao Tome and Principe,0.0031,0.0024
2013,SUR,Suriname,0.0951,0.0383
2013,SVK,Slovakia,0.9,0.508
2013,SVN,Slovenia,0.2779,0.559
2013,SWE,Sweden,0.7272,1.3224
2013,SWZ,Eswatini,0.0161,0.0125
2013,SYC,Seychelles,0.0017,0.0013
2013,SYR,Syria,0.1578,0.2259
2013,TCD,Chad,0.269,0.2093
2013,TGO,Togo,0.1245,0.0969
2013,THA,Thailand,14.3575,2.1069
2013,TJK,Tajikistan,0.2725,0.3104
2013,TKM,Turkmenistan,0.477,0.5433
2013,TLS,Timor-Leste,0.0819,0.0455
2013,TON,Tonga,0.0078,0.0054
2013,TTO,Trinidad and Tobago,0.1291,0.0908
2013,TUN,Tunisia,0.3331,0.4518
2013,TUR,Turkey,1.1514,2.7545
2013,TUV,Tuvalu,0.0007,0.0005
2013,TWN,Taiwan,0.9816,0.7954
2013,TZA,Tanzania,0.664,0.5167
2013,UGA,Uganda,0.658,0.5121
2013,UKR,Ukraine,4.6701,6.9468
2013,URY,Uruguay,0.5027,0.2028
2013,USA,United States,72.5823,67.5319
2013,UZB,Uzbekistan,0.6813,0.7761
2013,VAT,Vatican City,0.0001,0.0001
2013,VCT,Saint Vincent and the Grenadines,0.0086,0.006
2013,VEN,Venezuela,4.2355,1.709
2013,VNM,Vietnam,1.5522,0.4916
2013,VUT,Vanuatu,0.0254,0.0175
2013,WSM,Samoa,0.0166,0.0114
2013,XKX,Kosovo,0.0487,0.0517
2013,YEM,Yemen,0.9538,1.3654
2013,ZAF,South Africa,0.8537,0.6643
2013,ZMB,Zambia,0.2372,0.1846
2013,ZWE,Zimbabwe,0.332,0.2584
2014,AFG,Afghanistan,0.2899,0.2162
2014,AGO,Angola,0.5093,0.3978
2014,ALB,Albania,0.0989,0.1042
2014,AND,Andorra,0.0087,0.0101
2014,ARE,United Arab Emirates,0.532,0.7689
2014,ARG,Argentina,7.6206,2.5066
2014,ARM,Armenia,0.2128,0.3076
2014,ATG,Antigua and Barbuda,0.0081,0.0057
2014,AUS,Australia,4.3912,3.489
2014,AUT,Austria,0.827,2.034
2014,AZE,Azerbaijan,0.4256,0.6151
2014,BDI,Burundi,0.1878,0.1467
2014,BEL,Belgium,1.305,2.0165
2014,BEN,Benin,0.1933,0.1509
2014,BFA,Burkina Faso,0.3141,0.2454
2014,BGD,Bangladesh,1.6808,1.2536
2014,BGR,Bulgaria,0.738,0.796
2014,BHR,Bahrain,0.038,0.0548
2014,BHS,Bahamas,0.0349,0.0247
2014,BIH,Bosnia and Herzegovina,0.178,0.1884
2014,BLR,Belarus,0.531,0.625
2014,BLZ,Belize,0.0491,0.0251
2014,BOL,Bolivia,1.8968,0.7688
2014,BRA,Brazil,52.594,11.6432
2014,BRB,Barbados,0.0245,0.0173
2014,BRN,Brunei,0.0275,0.0153
2014,BTN,Bhutan,0.0076,0.0056
2014,BWA,Botswana,0.1449,0.1132
2014,CAF,Central African Republic,0.0719,0.0562
2014,CAN,Canada,7.0439,8.3
2014,CHE,Switzerland,0.509,1.4713
2014,CHL,Chile,1.353,0.5483
2014,CHN,China,41.0547,32.7941
2014,CIV,Ivory Coast,0.3865,0.3019
2014,CMR,Cameroon,0.2899,0.2265
2014,COD,DR Congo,1.4719,1.1497
2014,COG,Republic of the Congo,0.0846,0.0661
2014,COL,Colombia,4.1417,1.6786
2014,COM,Comoros,0.0115,0.009
2014,CPV,Cape Verde,0.0069,0.0053
2014,CRI,Costa Rica,0.5991,0.3051
2014,CUB,Cuba,0.9471,0.6693
2014,CYP,Cyprus,0.0556,0.0503
2014,CZE,Czechia,1.6529,1.5814
2014,DEU,Germany,6.4154,9.9159
2014,DJI,Djibouti,0.0155,0.0121
2014,DMA,Dominica,0.0057,0.004
2014,DNK,Denmark,0.5717,0.6851
2014,DOM,Dominican Republic,0.9976,0.705
2014,DZA,Algeria,0.844,1.1533
2014,ECU,Ecuador,2.7572,1.1174
2014,EGY,Egypt,1.4066,1.9223
2014,ERI,Eritrea,0.0471,0.0368
2014,ESP,Spain,5.6757,3.5678
2014,EST,Estonia,0.1695,0.285
2014,ETH,Ethiopia,0.9664,0.7548
2014,FIN,Finland,0.915,0.7828
2014,FJI,Fiji,0.0717,0.0496
2014,FRA,France,7.2469,12.0609
2014,FSM,Micronesia,0.0088,0.0061
2014,GAB,Gabon,0.0338,0.0264
2014,GBR,United Kingdom,8.6635,8.1527
2014,GEO,Georgia,0.266,0.3844
2014,GHA,Ghana,0.4831,0.3774
2014,GIN,Guinea,0.197,0.1538
2014,GMB,Gambia,0.0369,0.0288
2014,GNB,Guinea-Bissau,0.0293,0.0229
2014,GNQ,Equatorial Guinea,0.0253,0.0198
2014,GRC,Greece,0.66,0.6
2014,GRD,Grenada,0.0101,0.0072
2014,GTM,Guatemala,2.1726,1.1065
2014,GUY,Guyana,0.126,0.0511
2014,HND,Honduras,1.2795,0.6516
2014,HRV,Croatia,0.6984,0.4016
2014,HTI,Haiti,1.031,0.7286
2014,HUN,Hungary,1.7329,2.1953
2014,IDN,Indonesia,3.225,1.8018
2014,IND,India,9.6633,7.2074
2014,IRL,Ireland,0.4402,0.325
2014,IRN,Iran,1.9326,1.4414
2014,IRQ,Iraq,0.266,0.3844
2014,ISL,Iceland,0.0245,0.0338
2014,ISR,Israel,0.2197,0.3176
2014,ITA,Italy,6.9338,7.4327
2014,JAM,Jamaica,0.2456,0.1736
2014,JOR,Jordan,0.1596,0.2307
2014,JPN,Japan,10.346,9.959
2014,KAZ,Kazakhstan,1.381,1.5813
2014,KEN,Kenya,0.9664,0.7548
2014,KGZ,Kyrgyzstan,0.3453,0.3953
2014,KHM,Cambodia,1.0498,0.5865
2014,KIR,Kiribati,0.0105,0.0072
2014,KNA,Saint Kitts and Nevis,0.0041,0.0029
2014,KOR,South Korea,2.9538,1.4414
2014,KWT,Kuwait,0.116,0.1677
2014,LAO,Laos,0.4631,0.2588
2014,LBN,Lebanon,0.135,0.1952
2014,LBR,Liberia,0.0748,0.0584
2014,LBY,Libya,0.2813,0.3844
2014,LCA,Saint Lucia,0.0156,0.011
2014,LIE,Liechtenstein,0.0019,0.0073
2014,LKA,Sri Lanka,0.2222,0.1657
2014,LSO,Lesotho,0.0309,0.0241
2014,LTU,Lithuania,0.5305,0.6
2014,LUX,Luxembourg,0.0678,0.0942
2014,LVA,Latvia,0.2503,0.4
2014,MAR,Morocco,0.5627,0.7689
2014,MCO,Monaco,0.004,0.0047
2014,MDA,Moldova,0.1818,0.1911
2014,MDG,Madagascar,0.2899,0.2265
2014,MDV,Maldives,0.0051,0.0038
2014,MEX,Mexico,10.5692,5.3824
2014,MHL,Marshall Islands,0.0027,0.002
2014,MKD,North Macedonia,0.081,0.085
2014,MLI,Mali,0.3287,0.2567
2014,MLT,Malta,0.0698,0.0795
2014,MMR,Myanmar,3.2265,1.8027
2014,MNE,Montenegro,0.0368,0.0393
2014,MNG,Mongolia,0.1514,0.1242
2014,MOZ,Mozambique,0.4648,0.363
2014,MRT,Mauritania,0.0693,0.0542
2014,MUS,Mauritius,0.0165,0.013
2014,MWI,Malawi,0.2898,0.2264
2014,MYS,Malaysia,0.5534,1.4414
2014,NAM,Namibia,0.0966,0.0755
2014,NER,Niger,0.3643,0.2845
2014,NGA,Nigeria,2.899,2.2644
2014,NIC,Nicaragua,0.8147,0.4149
2014,NLD,Netherlands,1.5729,2.6798
2014,NOR,Norway,0.4506,0.77
2014,NPL,Nepal,0.2833,0.2113
2014,NRU,Nauru,0.0009,0.0006
2014,NZL,New Zealand,0.9821,0.7596
2014,OMN,Oman,0.1269,0.1834
2014,PAK,Pakistan,4.8316,3.6037
2014,PAN,Panama,0.5315,0.2707
2014,PER,Peru,5.2185,2.115
2014,PHL,Philippines,11.7963,0.7208
2014,PLW,Palau,0.0014,0.0009
2014,PNG,Papua New Guinea,0.2288,0.1582
2014,POL,Poland,7.4661,5.9244
2014,PRK,North Korea,1.1436,0.9384
2014,PRT,Portugal,2.1406,1.5
2014,PRY,Paraguay,1.0573,0.4285
2014,PSE,Palestine,0.129,0.1865
2014,QAT,Qatar,0.0719,0.104
2014,ROU,Romania,4.0664,4.1656
2014,RUS,Russian Federation,20.248,28.3226
2014,RWA,Rwanda,0.1901,0.1485
2014,SAU,Saudi Arabia,0.798,1.1533
2014,SDN,Sudan,0.9591,1.3108
2014,SEN,Senegal,0.247,0.1929
2014,SGP,Singapore,0.2289,0.1279
2014,SLB,Solomon Islands,0.0645,0.0445
2014,SLE,Sierra Leone,0.115,0.0899
2014,SLV,El Salvador,0.7401,0.3769
2014,SMR,San Marino,0.0035,0.0041
2014,SOM,Somalia,0.2564,0.2003
2014,SRB,Serbia,0.4362,0.48
2014,SSD,South Sudan,0.159,0.1242
2014,STP,Sao Tome and Principe,0.0031,0.0025
2014,SUR,Suriname,0.0965,0.0391
2014,SVK,Slovakia,0.9,0.5161
2014,SVN,Slovenia,0.2803,0.5422
2014,SWE,Sweden,0.7555,1.3451
2014,SWZ,Eswatini,0.0164,0.0128
2014,SYC,Seychelles,0.0017,0.0013
2014,SYR,Syria,0.1596,0.2307
2014,TCD,Chad,0.274,0.214
2014,TGO,Togo,0.1268,0.0991
2014,THA,Thailand,14.6267,2.1622
2014,TJK,Tajikistan,0.2762,0.3162
2014,TKM,Turkmenistan,0.4834,0.5534
2014,TLS,Timor-Leste,0.0835,0.0467
2014,TON,Tonga,0.008,0.0055
2014,TTO,Trinidad and Tobago,0.1308,0.0925
2014,TUN,Tunisia,0.3376,0.4613
2014,TUR,Turkey,1.161,2.906
2014,TUV,Tuvalu,0.0007,0.0005
2014,TWN,Taiwan,0.9948,0.8163
2014,TZA,Tanzania,0.6764,0.5283
2014,UGA,Uganda,0.6704,0.5236
2014,UKR,Ukraine,4.6981,7.0093
2014,URY,Uruguay,0.5102,0.2068
2014,USA,United States,73.9618,64.3394
2014,UZB,Uzbekistan,0.6905,0.7907
2014,VAT,Vatican City,0.0001,0.0001
2014,VCT,Saint Vincent and the Grenadines,0.0087,0.0061
2014,VEN,Venezuela,4.2991,1.7423
2014,VNM,Vietnam,1.5813,0.5045
2014,VUT,Vanuatu,0.0258,0.0178
2014,WSM,Samoa,0.0168,0.0116
2014,XKX,Kosovo,0.049,0.0521
2014,YEM,Yemen,0.9645,1.3941
2014,ZAF,South Africa,0.8697,0.6793
2014,ZMB,Zambia,0.2416,0.1887
2014,ZWE,Zimbabwe,0.3382,0.2642
2015,AFG,Afghanistan,0.2954,0.2219
2015,AGO,Angola,0.5188,0.4067
2015,ALB,Albania,0.0995,0.1052
2015,AND,Andorra,0.0087,0.0102
2015,ARE,United Arab Emirates,0.538,0.785
2015,ARG,Argentina,7.7349,2.5555
2015,ARM,Armenia,0.2152,0.314
2015,ATG,Antigua and Barbuda,0.0082,0.0058
2015,AUS,Australia,4.591,3.6888
2015,AUT,Austria,0.827,2.034
2015,AZE,Azerbaijan,0.4303,0.628
2015,BDI,Burundi,0.1913,0.15
2015,BEL,Belgium,1.3075,2.0248
2015,BEN,Benin,0.1969,0.1543
2015,BFA,Burkina Faso,0.32,0.2509
2015,BGD,Bangladesh,1.7123,1.2865
2015,BGR,Bulgaria,0.7385,0.797
2015,BHR,Bahrain,0.0384,0.056
2015,BHS,Bahamas,0.0353,0.0252
2015,BIH,Bosnia and Herzegovina,0.1791,0.1901
2015,BLR,Belarus,0.5342,0.6306
2015,BLZ,Belize,0.0499,0.0256
2015,BOL,Bolivia,1.9252,0.7837
2015,BRA,Brazil,52.991,11.6081
2015,BRB,Barbados,0.0248,0.0176
2015,BRN,Brunei,0.028,0.0157
2015,BTN,Bhutan,0.0077,0.0058
2015,BWA,Botswana,0.1476,0.1158
2015,CAF,Central African Republic,0.0733,0.0574
2015,CAN,Canada,7.3167,8.3
2015,CHE,Switzerland,0.508,1.5104
2015,CHL,Chile,1.3733,0.559
2015,CHN,China,43.3127,34.5978
2015,CIV,Ivory Coast,0.3938,0.3087
2015,CMR,Cameroon,0.2954,0.2316
2015,COD,DR Congo,1.4995,1.1756
2015,COG,Republic of the Congo,0.0862,0.0676
2015,COL,Colombia,4.2038,1.7113
2015,COM,Comoros,0.0118,0.0092
2015,CPV,Cape Verde,0.007,0.0055
2015,CRI,Costa Rica,0.609,0.3115
2015,CUB,Cuba,0.9598,0.6818
2015,CYP,Cyprus,0.0559,0.0508
2015,CZE,Czechia,1.7336,1.534
2015,DEU,Germany,7.0583,10.9041
2015,DJI,Djibouti,0.0158,0.0123
2015,DMA,Dominica,0.0058,0.0041
2015,DNK,Denmark,0.5774,0.6826
2015,DOM,Dominican Republic,1.0111,0.7182
2015,DZA,Algeria,0.8554,1.1776
2015,ECU,Ecuador,2.7985,1.1392
2015,EGY,Egypt,1.4255,1.9627
2015,ERI,Eritrea,0.0479,0.0376
2015,ESP,Spain,5.8188,3.457
2015,EST,Estonia,0.1788,0.285
2015,ETH,Ethiopia,0.9845,0.7718
2015,FIN,Finland,0.8875,0.8106
2015,FJI,Fiji,0.0728,0.0505
2015,FRA,France,7.1715,12.4056
2015,FSM,Micronesia,0.0089,0.0062
2015,GAB,Gabon,0.0344,0.027
2015,GBR,United Kingdom,8.7464,7.9844
2015,GEO,Georgia,0.269,0.3925
2015,GHA,Ghana,0.4922,0.3859
2015,GIN,Guinea,0.2007,0.1573
2015,GMB,Gambia,0.0375,0.0294
2015,GNB,Guinea-Bissau,0.0299,0.0234
2015,GNQ,Equatorial Guinea,0.0258,0.0202
2015,GRC,Greece,0.66,0.6
2015,GRD,Grenada,0.0103,0.0073
2015,GTM,Guatemala,2.2085,1.1297
2015,GUY,Guyana,0.1279,0.0521
2015,HND,Honduras,1.3006,0.6653
2015,HRV,Croatia,0.7026,0.4052
2015,HTI,Haiti,1.0449,0.7423
2015,HUN,Hungary,1.5742,2.1448
2015,IDN,Indonesia,3.2854,1.8491
2015,IND,India,9.8445,7.3966
2015,IRL,Ireland,0.4426,0.325
2015,IRN,Iran,1.9689,1.4793
2015,IRQ,Iraq,0.269,0.3925
2015,ISL,Iceland,0.0247,0.0341
2015,ISR,Israel,0.2222,0.3243
2015,ITA,Italy,6.9508,7.3993
2015,JAM,Jamaica,0.2489,0.1769
2015,JOR,Jordan,0.1614,0.2355
2015,JPN,Japan,9.9,9.8
2015,KAZ,Kazakhstan,1.3996,1.6109
2015,KEN,Kenya,0.9845,0.7718
2015,KGZ,Kyrgyzstan,0.3499,0.4027
2015,KHM,Cambodia,1.0695,0.6019
2015,KIR,Kiribati,0.0107,0.0074
2015,KNA,Saint Kitts and Nevis,0.0041,0.0029
2015,KOR,South Korea,2.9937,1.4793
2015,KWT,Kuwait,0.1173,0.1712
2015,LAO,Laos,0.4718,0.2656
2015,LBN,Lebanon,0.1365,0.1993
2015,LBR,Liberia,0.0762,0.0597
2015,LBY,Libya,0.2851,0.3925
2015,LCA,Saint Lucia,0.0158,0.0112
2015,LIE,Liechtenstein,0.0019,0.0074
2015,LKA,Sri Lanka,0.2264,0.1701
2015,LSO,Lesotho,0.0314,0.0246
2015,LTU,Lithuania,0.5353,0.6
2015,LUX,Luxembourg,0.0682,0.095
2015,LVA,Latvia,0.2527,0.4
2015,MAR,Morocco,0.5703,0.785
2015,MCO,Monaco,0.004,0.0048
2015,MDA,Moldova,0.1828,0.1929
2015,MDG,Madagascar,0.2954,0.2316
2015,MDV,Maldives,0.0052,0.0039
2015,MEX,Mexico,10.7436,5.4954
2015,MHL,Marshall Islands,0.0028,0.002
2015,MKD,North Macedonia,0.0815,0.0858
2015,MLI,Mali,0.3349,0.2625
2015,MLT,Malta,0.0702,0.0802
2015,MMR,Myanmar,3.287,1.85
2015,MNE,Montenegro,0.037,0.0397
2015,MNG,Mongolia,0.1535,0.1275
2015,MOZ,Mozambique,0.4735,0.3712
2015,MRT,Mauritania,0.0706,0.0554
2015,MUS,Mauritius,0.0169,0.0132
2015,MWI,Malawi,0.2953,0.2315
2015,MYS,Malaysia,0.5638,1.4793
2015,NAM,Namibia,0.0984,0.0772
2015,NER,Niger,0.3711,0.2909
2015,NGA,Nigeria,2.9533,2.3153
2015,NIC,Nicaragua,0.8282,0.4236
2015,NLD,Netherlands,1.5595,2.6698
2015,NOR,Norway,0.4554,0.77
2015,NPL,Nepal,0.2886,0.2169
2015,NRU,Nauru,0.0009,0.0006
2015,NZL,New Zealand,0.9909,0.7698
2015,OMN,Oman,0.1283,0.1872
2015,PAK,Pakistan,4.9222,3.6983
2015,PAN,Panama,0.5402,0.2763
2015,PER,Peru,5.2967,2.1562
2015,PHL,Philippines,12.671,0.7397
2015,PLW,Palau,0.0014,0.0009
2015,PNG,Papua New Guinea,0.2323,0.1611
2015,POL,Poland,7.4993,6.0399
2015,PRK,North Korea,1.159,0.963
2015,PRT,Portugal,2.1304,1.5
2015,PRY,Paraguay,1.0732,0.4368
2015,PSE,Palestine,0.1305,0.1904
2015,QAT,Qatar,0.0727,0.1062
2015,ROU,Romania,4.0497,4.1988
2015,RUS,Russian Federation,19.523,26.739
2015,RWA,Rwanda,0.1937,0.1518
2015,SAU,Saudi Arabia,0.807,1.1776
2015,SDN,Sudan,0.9721,1.3383
2015,SEN,Senegal,0.2516,0.1973
2015,SGP,Singapore,0.2332,0.1312
2015,SLB,Solomon Islands,0.0654,0.0454
2015,SLE,Sierra Leone,0.1172,0.0919
2015,SLV,El Salvador,0.7523,0.3849
2015,SMR,San Marino,0.0035,0.0041
2015,SOM,Somalia,0.2612,0.2048
2015,SRB,Serbia,0.4388,0.4843
2015,SSD,South Sudan,0.162,0.127
2015,STP,Sao Tome and Principe,0.0032,0.0025
2015,SUR,Suriname,0.0979,0.0399
2015,SVK,Slovakia,0.9,0.5244
2015,SVN,Slovenia,0.2827,0.5259
2015,SWE,Sweden,0.7849,1.3682
2015,SWZ,Eswatini,0.0167,0.0131
2015,SYC,Seychelles,0.0017,0.0013
2015,SYR,Syria,0.1614,0.2355
2015,TCD,Chad,0.2791,0.2188
2015,TGO,Togo,0.1292,0.1013
2015,THA,Thailand,14.901,2.219
2015,TJK,Tajikistan,0.2799,0.3221
2015,TKM,Turkmenistan,0.4899,0.5638
2015,TLS,Timor-Leste,0.085,0.0479
2015,TON,Tonga,0.0081,0.0057
2015,TTO,Trinidad and Tobago,0.1326,0.0942
2015,TUN,Tunisia,0.3422,0.471
2015,TUR,Turkey,1.1706,3.0658
2015,TUV,Tuvalu,0.0007,0.0005
2015,TWN,Taiwan,1.0083,0.8377
2015,TZA,Tanzania,0.6891,0.5402
2015,UGA,Uganda,0.6829,0.5354
2015,UKR,Ukraine,4.7263,7.0724
2015,URY,Uruguay,0.5179,0.2108
2015,USA,United States,75.3676,61.2978
2015,UZB,Uzbekistan,0.6999,0.8055
2015,VAT,Vatican City,0.0001,0.0001
2015,VCT,Saint Vincent and the Grenadines,0.0088,0.0062
2015,VEN,Venezuela,4.3636,1.7763
2015,VNM,Vietnam,1.6109,0.5178
2015,VUT,Vanuatu,0.0262,0.0181
2015,WSM,Samoa,0.0171,0.0118
2015,XKX,Kosovo,0.0493,0.0526
2015,YEM,Yemen,0.9754,1.4233
2015,ZAF,South Africa,0.886,0.6946
2015,ZMB,Zambia,0.2461,0.193
2015,ZWE,Zimbabwe,0.3446,0.2701
2016,AFG,Afghanistan,0.3009,0.2277
2016,AGO,Angola,0.5285,0.4159
2016,ALB,Albania,0.1001,0.1061
2016,AND,Andorra,0.0088,0.0103
2016,ARE,United Arab Emirates,0.544,0.8015
2016,ARG,Argentina,7.8509,2.6054
2016,ARM,Armenia,0.2176,0.3206
2016,ATG,Antigua and Barbuda,0.0083,0.0059
2016,AUS,Australia,4.8,3.9
2016,AUT,Austria,0.827,2.034
2016,AZE,Azerbaijan,0.4352,0.6412
2016,BDI,Burundi,0.1949,0.1533
2016,BEL,Belgium,1.31,2.0332
2016,BEN,Benin,0.2006,0.1578
2016,BFA,Burkina Faso,0.326,0.2565
2016,BGD,Bangladesh,1.7444,1.3203
2016,BGR,Bulgaria,0.739,0.798
2016,BHR,Bahrain,0.0388,0.0571
2016,BHS,Bahamas,0.0358,0.0256
2016,BIH,Bosnia and Herzegovina,0.1801,0.1918
2016,BLR,Belarus,0.5374,0.6363
2016,BLZ,Belize,0.0508,0.0261
2016,BOL,Bolivia,1.9541,0.799
2016,BRA,Brazil,53.391,11.5731
2016,BRB,Barbados,0.0251,0.0179
2016,BRN,Brunei,0.0285,0.0161
2016,BTN,Bhutan,0.0079,0.006
2016,BWA,Botswana,0.1504,0.1184
2016,CAF,Central African Republic,0.0746,0.0587
2016,CAN,Canada,7.6,8.3
2016,CHE,Switzerland,0.507,1.5505
2016,CHL,Chile,1.3939,0.5699
2016,CHN,China,45.6949,36.5007
2016,CIV,Ivory Coast,0.4012,0.3156
2016,CMR,Cameroon,0.3009,0.2368
2016,COD,DR Congo,1.5277,1.202
2016,COG,Republic of the Congo,0.0878,0.0691
2016,COL,Colombia,4.2669,1.7447
2016,COM,Comoros,0.012,0.0094
2016,CPV,Cape Verde,0.0071,0.0056
2016,CRI,Costa Rica,0.619,0.318
2016,CUB,Cuba,0.9728,0.6946
2016,CYP,Cyprus,0.0562,0.0512
2016,CZE,Czechia,1.8182,1.4879
2016,DEU,Germany,7.7656,11.9908
2016,DJI,Djibouti,0.0161,0.0126
2016,DMA,Dominica,0.0059,0.0042
2016,DNK,Denmark,0.5832,0.68
2016,DOM,Dominican Republic,1.0247,0.7317
2016,DZA,Algeria,0.8669,1.2023
2016,ECU,Ecuador,2.8405,1.1614
2016,EGY,Egypt,1.4448,2.0039
2016,ERI,Eritrea,0.0488,0.0384
2016,ESP,Spain,5.9654,3.3497
2016,EST,Estonia,0.1887,0.285
2016,ETH,Ethiopia,1.0029,0.7891
2016,FIN,Finland,0.8609,0.8394
2016,FJI,Fiji,0.0739,0.0514
2016,FRA,France,7.0969,12.7602
2016,FSM,Micronesia,0.009,0.0063
2016,GAB,Gabon,0.0351,0.0276
2016,GBR,United Kingdom,8.8301,7.8195
2016,GEO,Georgia,0.272,0.4008
2016,GHA,Ghana,0.5014,0.3946
2016,GIN,Guinea,0.2044,0.1608
2016,GMB,Gambia,0.0382,0.0301
2016,GNB,Guinea-Bissau,0.0305,0.024
2016,GNQ,Equatorial Guinea,0.0263,0.0207
2016,GRC,Greece,0.66,0.6
2016,GRD,Grenada,0.0104,0.0074
2016,GTM,Guatemala,2.2449,1.1534
2016,GUY,Guyana,0.1298,0.0531
2016,HND,Honduras,1.3221,0.6792
2016,HRV,Croatia,0.7068,0.4089
2016,HTI,Haiti,1.059,0.7562
2016,HUN,Hungary,1.43,2.0954
2016,IDN,Indonesia,3.347,1.8977
2016,IND,India,10.0291,7.5907
2016,IRL,Ireland,0.4451,0.325
2016,IRN,Iran,2.0058,1.5181
2016,IRQ,Iraq,0.272,0.4008
2016,ISL,Iceland,0.0248,0.0344
2016,ISR,Israel,0.2247,0.3311
2016,ITA,Italy,6.9678,7.3661
2016,JAM,Jamaica,0.2523,0.1802
2016,JOR,Jordan,0.1632,0.2405
2016,JPN,Japan,9.0212,9.4296
2016,KAZ,Kazakhstan,1.4185,1.6411
2016,KEN,Kenya,1.0029,0.7891
2016,KGZ,Kyrgyzstan,0.3547,0.4103
2016,KHM,Cambodia,1.0896,0.6177
2016,KIR,Kiribati,0.0108,0.0075
2016,KNA,Saint Kitts and Nevis,0.0042,0.003
2016,KOR,South Korea,3.0341,1.5181
2016,KWT,Kuwait,0.1187,0.1748
2016,LAO,Laos,0.4806,0.2725
2016,LBN,Lebanon,0.1381,0.2035
2016,LBR,Liberia,0.0776,0.061
2016,LBY,Libya,0.289,0.4008
2016,LCA,Saint Lucia,0.016,0.0114
2016,LIE,Liechtenstein,0.002,0.0074
2016,LKA,Sri Lanka,0.2306,0.1745
2016,LSO,Lesotho,0.032,0.0252
2016,LTU,Lithuania,0.5402,0.6
2016,LUX,Luxembourg,0.0686,0.0959
2016,LVA,Latvia,0.2551,0.4
2016,MAR,Morocco,0.578,0.8015
2016,MCO,Monaco,0.004,0.0048
2016,MDA,Moldova,0.1839,0.1946
2016,MDG,Madagascar,0.3009,0.2368
2016,MDV,Maldives,0.0053,0.004
2016,MEX,Mexico,10.9209,5.6108
2016,MHL,Marshall Islands,0.0028,0.002
2016,MKD,North Macedonia,0.082,0.0865
2016,MLI,Mali,0.3412,0.2684
2016,MLT,Malta,0.0706,0.0809
2016,MMR,Myanmar,3.3486,1.8986
2016,MNE,Montenegro,0.0372,0.04
2016,MNG,Mongolia,0.1555,0.1308
2016,MOZ,Mozambique,0.4824,0.3796
2016,MRT,Mauritania,0.072,0.0566
2016,MUS,Mauritius,0.0172,0.0135
2016,MWI,Malawi,0.3008,0.2367
2016,MYS,Malaysia,0.5744,1.5181
2016,NAM,Namibia,0.1003,0.079
2016,NER,Niger,0.378,0.2974
2016,NGA,Nigeria,3.0087,2.3674
2016,NIC,Nicaragua,0.8418,0.4325
2016,NLD,Netherlands,1.5462,2.6599
2016,NOR,Norway,0.4602,0.77
2016,NPL,Nepal,0.294,0.2226
2016,NRU,Nauru,0.0009,0.0006
2016,NZL,New Zealand,0.9998,0.7802
2016,OMN,Oman,0.1298,0.1911
2016,PAK,Pakistan,5.0145,3.7954
2016,PAN,Panama,0.5491,0.2821
2016,PER,Peru,5.3762,2.1983
2016,PHL,Philippines,13.6105,0.7591
2016,PLW,Palau,0.0014,0.0009
2016,PNG,Papua New Guinea,0.2357,0.1641
2016,POL,Poland,7.5327,6.1576
2016,PRK,North Korea,1.1747,0.9883
2016,PRT,Portugal,2.1202,1.5
2016,PRY,Paraguay,1.0893,0.4453
2016,PSE,Palestine,0.132,0.1944
2016,QAT,Qatar,0.0735,0.1084
2016,ROU,Romania,4.0331,4.2323
2016,RUS,Russian Federation,18.8239,25.244
2016,RWA,Rwanda,0.1973,0.1552
2016,SAU,Saudi Arabia,0.8161,1.2023
2016,SDN,Sudan,0.9852,1.3665
2016,SEN,Senegal,0.2563,0.2017
2016,SGP,Singapore,0.2376,0.1347
2016,SLB,Solomon Islands,0.0664,0.0462
2016,SLE,Sierra Leone,0.1194,0.094
2016,SLV,El Salvador,0.7648,0.3929
2016,SMR,San Marino,0.0035,0.0041
2016,SOM,Somalia,0.2661,0.2094
2016,SRB,Serbia,0.4414,0.4887
2016,SSD,South Sudan,0.1651,0.1298
2016,STP,Sao Tome and Principe,0.0032,0.0026
2016,SUR,Suriname,0.0994,0.0406
2016,SVK,Slovakia,0.9,0.5328
2016,SVN,Slovenia,0.2851,0.5101
2016,SWE,Sweden,0.8154,1.3917
2016,SWZ,Eswatini,0.017,0.0134
2016,SYC,Seychelles,0.0018,0.0014
2016,SYR,Syria,0.1632,0.2405
2016,TCD,Chad,0.2844,0.2238
2016,TGO,Togo,0.1316,0.1036
2016,THA,Thailand,15.1804,2.2772
2016,TJK,Tajikistan,0.2837,0.3282
2016,TKM,Turkmenistan,0.4965,0.5744
2016,TLS,Timor-Leste,0.0866,0.0491
2016,TON,Tonga,0.0082,0.0058
2016,TTO,Trinidad and Tobago,0.1344,0.096
2016,TUN,Tunisia,0.3468,0.4809
2016,TUR,Turkey,1.1803,3.2344
2016,TUV,Tuvalu,0.0008,0.0006
2016,TWN,Taiwan,1.0219,0.8597
2016,TZA,Tanzania,0.702,0.5524
2016,UGA,Uganda,0.6957,0.5474
2016,UKR,Ukraine,4.7547,7.136
2016,URY,Uruguay,0.5256,0.2149
2016,USA,United States,76.8,58.4
2016,UZB,Uzbekistan,0.7093,0.8206
2016,VAT,Vatican City,0.0001,0.0001
2016,VCT,Saint Vincent and the Grenadines,0.0089,0.0063
2016,VEN,Venezuela,4.429,1.811
2016,VNM,Vietnam,1.6411,0.5314
2016,VUT,Vanuatu,0.0266,0.0185
2016,WSM,Samoa,0.0173,0.0121
2016,XKX,Kosovo,0.0496,0.0531
2016,YEM,Yemen,0.9864,1.4532
2016,ZAF,South Africa,0.9026,0.7102
2016,ZMB,Zambia,0.2508,0.1973
2016,ZWE,Zimbabwe,0.351,0.2762
2017,AFG,Afghanistan,0.3065,0.2337
2017,AGO,Angola,0.5384,0.4252
2017,ALB,Albania,0.1007,0.1071
2017,AND,Andorra,0.0088,0.0104
2017,ARE,United Arab Emirates,0.5501,0.8184
2017,ARG,Argentina,7.9687,2.6562
2017,ARM,Armenia,0.2201,0.3273
2017,ATG,Antigua and Barbuda,0.0085,0.0061
2017,AUS,Australia,4.7207,3.814
2017,AUT,Austria,0.827,2.034
2017,AZE,Azerbaijan,0.4401,0.6547
2017,BDI,Burundi,0.1985,0.1568
2017,BEL,Belgium,1.3125,2.0416
2017,BEN,Benin,0.2044,0.1614
2017,BFA,Burkina Faso,0.3321,0.2623
2017,BGD,Bangladesh,1.7771,1.355
2017,BGR,Bulgaria,0.7395,0.799
2017,BHR,Bahrain,0.0393,0.0583
2017,BHS,Bahamas,0.0363,0.0261
2017,BIH,Bosnia and Herzegovina,0.1812,0.1935
2017,BLR,Belarus,0.5406,0.642
2017,BLZ,Belize,0.0516,0.0267
2017,BOL,Bolivia,1.9834,0.8146
2017,BRA,Brazil,53.794,11.5382
2017,BRB,Barbados,0.0255,0.0183
2017,BRN,Brunei,0.029,0.0166
2017,BTN,Bhutan,0.008,0.0061
2017,BWA,Botswana,0.1532,0.121
2017,CAF,Central African Republic,0.076,0.0601
2017,CAN,Canada,7.8943,8.3
2017,CHE,Switzerland,0.506,1.5917
2017,CHL,Chile,1.4148,0.581
2017,CHN,China,48.2081,38.5082
2017,CIV,Ivory Coast,0.4087,0.3227
2017,CMR,Cameroon,0.3065,0.2421
2017,COD,DR Congo,1.5563,1.2291
2017,COG,Republic of the Congo,0.0895,0.0706
2017,COL,Colombia,4.3309,1.7787
2017,COM,Comoros,0.0122,0.0096
2017,CPV,Cape Verde,0.0073,0.0057
2017,CRI,Costa Rica,0.6292,0.3247
2017,CUB,Cuba,0.9859,0.7076
2017,CYP,Cyprus,0.0566,0.0517
2017,CZE,Czechia,1.9069,1.4433
2017,DEU,Germany,8.5438,13.1859
2017,DJI,Djibouti,0.0164,0.0129
2017,DMA,Dominica,0.006,0.0043
2017,DNK,Denmark,0.5891,0.6775
2017,DOM,Dominican Republic,1.0386,0.7454
2017,DZA,Algeria,0.8786,1.2275
2017,ECU,Ecuador,2.8831,1.1841
2017,EGY,Egypt,1.4643,2.046
2017,ERI,Eritrea,0.0497,0.0393
2017,ESP,Spain,6.1158,3.2457
2017,EST,Estonia,0.1991,0.285
2017,ETH,Ethiopia,1.0217,0.8069
2017,FIN,Finland,0.8351,0.8692
2017,FJI,Fiji,0.075,0.0524
2017,FRA,France,7.0231,13.1249
2017,FSM,Micronesia,0.0092,0.0064
2017,GAB,Gabon,0.0358,0.0282
2017,GBR,United Kingdom,8.9147,7.6581
2017,GEO,Georgia,0.2751,0.4092
2017,GHA,Ghana,0.5108,0.4034
2017,GIN,Guinea,0.2083,0.1644
2017,GMB,Gambia,0.039,0.0308
2017,GNB,Guinea-Bissau,0.031,0.0245
2017,GNQ,Equatorial Guinea,0.0268,0.0211
2017,GRC,Greece,0.66,0.6
2017,GRD,Grenada,0.0106,0.0076
2017,GTM,Guatemala,2.282,1.1776
2017,GUY,Guyana,0.1318,0.0542
2017,HND,Honduras,1.3439,0.6935
2017,HRV,Croatia,0.711,0.4126
2017,HTI,Haiti,1.0733,0.7704
2017,HUN,Hungary,1.299,2.0471
2017,IDN,Indonesia,3.4098,1.9475
2017,IND,India,10.2171,7.79
2017,IRL,Ireland,0.4475,0.325
2017,IRN,Iran,2.0434,1.558
2017,IRQ,Iraq,0.2751,0.4092
2017,ISL,Iceland,0.0249,0.0348
2017,ISR,Israel,0.2272,0.3381
2017,ITA,Italy,6.9849,7.333
2017,JAM,Jamaica,0.2557,0.1836
2017,JOR,Jordan,0.1651,0.2455
2017,JPN,Japan,8.2203,9.0732
2017,KAZ,Kazakhstan,1.4377,1.6719
2017,KEN,Kenya,1.0217,0.8069
2017,KGZ,Kyrgyzstan,0.3594,0.4179
2017,KHM,Cambodia,1.11,0.634
2017,KIR,Kiribati,0.011,0.0077
2017,KNA,Saint Kitts and Nevis,0.0042,0.003
2017,KOR,South Korea,3.0751,1.558
2017,KWT,Kuwait,0.12,0.1785
2017,LAO,Laos,0.4896,0.2797
2017,LBN,Lebanon,0.1396,0.2077
2017,LBR,Liberia,0.0791,0.0624
2017,LBY,Libya,0.2929,0.4092
2017,LCA,Saint Lucia,0.0162,0.0116
2017,LIE,Liechtenstein,0.002,0.0075
2017,LKA,Sri Lanka,0.2349,0.1791
2017,LSO,Lesotho,0.0326,0.0257
2017,LTU,Lithuania,0.5451,0.6
2017,LUX,Luxembourg,0.069,0.0968
2017,LVA,Latvia,0.2575,0.4
2017,MAR,Morocco,0.5858,0.8184
2017,MCO,Monaco,0.004,0.0049
2017,MDA,Moldova,0.185,0.1964
2017,MDG,Madagascar,0.3065,0.2421
2017,MDV,Maldives,0.0054,0.0041
2017,MEX,Mexico,11.1011,5.7287
2017,MHL,Marshall Islands,0.0029,0.0021
2017,MKD,North Macedonia,0.0825,0.0873
2017,MLI,Mali,0.3476,0.2745
2017,MLT,Malta,0.071,0.0817
2017,MMR,Myanmar,3.4114,1.9484
2017,MNE,Montenegro,0.0374,0.0404
2017,MNG,Mongolia,0.1576,0.1342
2017,MOZ,Mozambique,0.4914,0.3881
2017,MRT,Mauritania,0.0733,0.0579
2017,MUS,Mauritius,0.0175,0.0138
2017,MWI,Malawi,0.3064,0.242
2017,MYS,Malaysia,0.5852,1.558
2017,NAM,Namibia,0.1021,0.0807
2017,NER,Niger,0.3851,0.3041
2017,NGA,Nigeria,3.0651,2.4207
2017,NIC,Nicaragua,0.8557,0.4416
2017,NLD,Netherlands,1.5331,2.6499
2017,NOR,Norway,0.4651,0.77
2017,NPL,Nepal,0.2995,0.2284
2017,NRU,Nauru,0.001,0.0007
2017,NZL,New Zealand,1.0088,0.7907
2017,OMN,Oman,0.1312,0.1951
2017,PAK,Pakistan,5.1085,3.895
2017,PAN,Panama,0.5582,0.2881
2017,PER,Peru,5.4568,2.2411
2017,PHL,Philippines,14.6198,0.779
2017,PLW,Palau,0.0014,0.0009
2017,PNG,Papua New Guinea,0.2393,0.1672
2017,POL,Poland,7.5663,6.2776
2017,PRK,North Korea,1.1905,1.0142
2017,PRT,Portugal,2.1101,1.5
2017,PRY,Paraguay,1.1056,0.454
2017,PSE,Palestine,0.1334,0.1985
2017,QAT,Qatar,0.0744,0.1107
2017,ROU,Romania,4.0165,4.266
2017,RUS,Russian Federation,18.1499,23.8325
2017,RWA,Rwanda,0.201,0.1587
2017,SAU,Saudi Arabia,0.8252,1.2275
2017,SDN,Sudan,0.9985,1.3951
2017,SEN,Senegal,0.2611,0.2063
2017,SGP,Singapore,0.242,0.1382
2017,SLB,Solomon Islands,0.0674,0.0471
2017,SLE,Sierra Leone,0.1216,0.0961
2017,SLV,El Salvador,0.7774,0.4012
2017,SMR,San Marino,0.0035,0.0042
2017,SOM,Somalia,0.2711,0.2141
2017,SRB,Serbia,0.4441,0.4931
2017,SSD,South Sudan,0.1682,0.1327
2017,STP,Sao Tome and Principe,0.0033,0.0026
2017,SUR,Suriname,0.1009,0.0414
2017,SVK,Slovakia,0.9,0.5413
2017,SVN,Slovenia,0.2875,0.4948
2017,SWE,Sweden,0.8471,1.4157
2017,SWZ,Eswatini,0.0173,0.0137
2017,SYC,Seychelles,0.0018,0.0014
2017,SYR,Syria,0.1651,0.2455
2017,TCD,Chad,0.2897,0.2288
2017,TGO,Togo,0.1341,0.1059
2017,THA,Thailand,15.465,2.337
2017,TJK,Tajikistan,0.2875,0.3343
2017,TKM,Turkmenistan,0.5032,0.5852
2017,TLS,Timor-Leste,0.0882,0.0504
2017,TON,Tonga,0.0083,0.0059
2017,TTO,Trinidad and Tobago,0.1362,0.0978
2017,TUN,Tunisia,0.3515,0.491
2017,TUR,Turkey,1.1901,3.4123
2017,TUV,Tuvalu,0.0008,0.0006
2017,TWN,Taiwan,1.0357,0.8823
2017,TZA,Tanzania,0.7152,0.5648
2017,UGA,Uganda,0.7088,0.5598
2017,UKR,Ukraine,4.7832,7.2002
2017,URY,Uruguay,0.5335,0.2191
2017,USA,United States,78.7238,60.6354
2017,UZB,Uzbekistan,0.7189,0.836
2017,VAT,Vatican City,0.0001,0.0001
2017,VCT,Saint Vincent and the Grenadines,0.009,0.0064
2017,VEN,Venezuela,4.4955,1.8463
2017,VNM,Vietnam,1.6719,0.5453
2017,VUT,Vanuatu,0.027,0.0188
2017,WSM,Samoa,0.0176,0.0123
2017,XKX,Kosovo,0.0499,0.0535
2017,YEM,Yemen,0.9975,1.4837
2017,ZAF,South Africa,0.9195,0.7262
2017,ZMB,Zambia,0.2555,0.2018
2017,ZWE,Zimbabwe,0.3576,0.2824
2018,AFG,Afghanistan,0.3123,0.2398
2018,AGO,Angola,0.5485,0.4348
2018,ALB,Albania,0.1013,0.108
2018,AND,Andorra,0.0089,0.0105
2018,ARE,United Arab Emirates,0.5563,0.8355
2018,ARG,Argentina,8.0882,2.708
2018,ARM,Armenia,0.2226,0.3342
2018,ATG,Antigua and Barbuda,0.0086,0.0062
2018,AUS,Australia,4.6428,3.7299
2018,AUT,Austria,0.827,2.034
2018,AZE,Azerbaijan,0.445,0.6684
2018,BDI,Burundi,0.2022,0.1603
2018,BEL,Belgium,1.315,2.05
2018,BEN,Benin,0.2082,0.165
2018,BFA,Burkina Faso,0.3383,0.2682
2018,BGD,Bangladesh,1.8105,1.3905
2018,BGR,Bulgaria,0.74,0.8
2018,BHR,Bahrain,0.0397,0.0596
2018,BHS,Bahamas,0.0368,0.0266
2018,BIH,Bosnia and Herzegovina,0.1823,0.1953
2018,BLR,Belarus,0.5439,0.6478
2018,BLZ,Belize,0.0525,0.0272
2018,BOL,Bolivia,2.0132,0.8305
2018,BRA,Brazil,54.2,11.5034
2018,BRB,Barbados,0.0258,0.0186
2018,BRN,Brunei,0.0296,0.017
2018,BTN,Bhutan,0.0082,0.0063
2018,BWA,Botswana,0.1561,0.1238
2018,CAF,Central African Republic,0.0775,0.0614
2018,CAN,Canada,8.2,8.3
2018,CHE,Switzerland,0.505,1.634
2018,CHL,Chile,1.436,0.5924
2018,CHN,China,50.8595,40.6262
2018,CIV,Ivory Coast,0.4163,0.33
2018,CMR,Cameroon,0.3123,0.2475
2018,COD,DR Congo,1.5855,1.2567
2018,COG,Republic of the Congo,0.0911,0.0722
2018,COL,Colombia,4.3958,1.8134
2018,COM,Comoros,0.0124,0.0099
2018,CPV,Cape Verde,0.0074,0.0058
2018,CRI,Costa Rica,0.6396,0.3315
2018,CUB,Cuba,0.9992,0.7209
2018,CYP,Cyprus,0.0569,0.0522
2018,CZE,Czechia,2.0,1.4
2018,DEU,Germany,9.4,14.5
2018,DJI,Djibouti,0.0167,0.0132
2018,DMA,Dominica,0.006,0.0043
2018,DNK,Denmark,0.595,0.675
2018,DOM,Dominican Republic,1.0526,0.7594
2018,DZA,Algeria,0.8905,1.2533
2018,ECU,Ecuador,2.9264,1.2072
2018,EGY,Egypt,1.4841,2.0889
2018,ERI,Eritrea,0.0507,0.0402
2018,ESP,Spain,6.27,3.145
2018,EST,Estonia,0.21,0.285
2018,ETH,Ethiopia,1.0409,0.8251
2018,FIN,Finland,0.81,0.9
2018,FJI,Fiji,0.0761,0.0534
2018,FRA,France,6.95,13.5
2018,FSM,Micronesia,0.0093,0.0066
2018,GAB,Gabon,0.0364,0.0289
2018,GBR,United Kingdom,9.0,7.5
2018,GEO,Georgia,0.2782,0.4178
2018,GHA,Ghana,0.5204,0.4125
2018,GIN,Guinea,0.2122,0.1681
2018,GMB,Gambia,0.0397,0.0315
2018,GNB,Guinea-Bissau,0.0316,0.0251
2018,GNQ,Equatorial Guinea,0.0273,0.0216
2018,GRC,Greece,0.66,0.6
2018,GRD,Grenada,0.0107,0.0077
2018,GTM,Guatemala,2.3196,1.2024
2018,GUY,Guyana,0.1338,0.0552
2018,HND,Honduras,1.366,0.708
2018,HRV,Croatia,0.7153,0.4163
2018,HTI,Haiti,1.0878,0.7848
2018,HUN,Hungary,1.18,2.0
2018,IDN,Indonesia,3.4737,1.9986
2018,IND,India,10.4087,7.9945
2018,IRL,Ireland,0.45,0.325
2018,IRN,Iran,2.0817,1.5989
2018,IRQ,Iraq,0.2782,0.4178
2018,ISL,Iceland,0.0251,0.0351
2018,ISR,Israel,0.2298,0.3452
2018,ITA,Italy,7.002,7.3
2018,JAM,Jamaica,0.2592,0.187
2018,JOR,Jordan,0.1669,0.2507
2018,JPN,Japan,7.4906,8.7303
2018,KAZ,Kazakhstan,1.4571,1.7032
2018,KEN,Kenya,1.0409,0.8251
2018,KGZ,Kyrgyzstan,0.3643,0.4258
2018,KHM,Cambodia,1.1308,0.6506
2018,KIR,Kiribati,0.0112,0.0078
2018,KNA,Saint Kitts and Nevis,0.0043,0.0031
2018,KOR,South Korea,3.1166,1.5989
2018,KWT,Kuwait,0.1214,0.1823
2018,LAO,Laos,0.4988,0.287
2018,LBN,Lebanon,0.1412,0.2121
2018,LBR,Liberia,0.0806,0.0638
2018,LBY,Libya,0.2968,0.4178
2018,LCA,Saint Lucia,0.0165,0.0119
2018,LIE,Liechtenstein,0.002,0.0076
2018,LKA,Sri Lanka,0.2393,0.1838
2018,LSO,Lesotho,0.0332,0.0263
2018,LTU,Lithuania,0.55,0.6
2018,LUX,Luxembourg,0.0695,0.0976
2018,LVA,Latvia,0.26,0.4
2018,MAR,Morocco,0.5937,0.8355
2018,MCO,Monaco,0.0041,0.0049
2018,MDA,Moldova,0.1862,0.1981
2018,MDG,Madagascar,0.3123,0.2475
2018,MDV,Maldives,0.0055,0.0042
2018,MEX,Mexico,11.2842,5.849
2018,MHL,Marshall Islands,0.0029,0.0021
2018,MKD,North Macedonia,0.083,0.0881
2018,MLI,Mali,0.3541,0.2806
2018,MLT,Malta,0.0714,0.0824
2018,MMR,Myanmar,3.4754,1.9995
2018,MNE,Montenegro,0.0376,0.0408
2018,MNG,Mongolia,0.1598,0.1378
2018,MOZ,Mozambique,0.5006,0.3968
2018,MRT,Mauritania,0.0747,0.0592
2018,MUS,Mauritius,0.0178,0.0142
2018,MWI,Malawi,0.3122,0.2474
2018,MYS,Malaysia,0.5961,1.5989
2018,NAM,Namibia,0.1041,0.0825
2018,NER,Niger,0.3923,0.3109
2018,NGA,Nigeria,3.1226,2.4752
2018,NIC,Nicaragua,0.8699,0.4509
2018,NLD,Netherlands,1.52,2.64
2018,NOR,Norway,0.47,0.77
2018,NPL,Nepal,0.3051,0.2344
2018,NRU,Nauru,0.001,0.0007
2018,NZL,New Zealand,1.0179,0.8014
2018,OMN,Oman,0.1327,0.1992
2018,PAK,Pakistan,5.2043,3.9973
2018,PAN,Panama,0.5674,0.2941
2018,PER,Peru,5.5387,2.2848
2018,PHL,Philippines,15.7038,0.7995
2018,PLW,Palau,0.0015,0.001
2018,PNG,Papua New Guinea,0.2429,0.1704
2018,POL,Poland,7.6,6.4
2018,PRK,North Korea,1.2066,1.0408
2018,PRT,Portugal,2.1,1.5
2018,PRY,Paraguay,1.1222,0.4629
2018,PSE,Palestine,0.1349,0.2027
2018,QAT,Qatar,0.0752,0.113
2018,ROU,Romania,4.0,4.3
2018,RUS,Russian Federation,17.5,22.5
2018,RWA,Rwanda,0.2047,0.1623
2018,SAU,Saudi Arabia,0.8345,1.2533
2018,SDN,Sudan,1.012,1.4244
2018,SEN,Senegal,0.266,0.2109
2018,SGP,Singapore,0.2466,0.1419
2018,SLB,Solomon Islands,0.0684,0.048
2018,SLE,Sierra Leone,0.1239,0.0982
2018,SLV,El Salvador,0.7902,0.4096
2018,SMR,San Marino,0.0036,0.0042
2018,SOM,Somalia,0.2761,0.2189
2018,SRB,Serbia,0.4467,0.4975
2018,SSD,South Sudan,0.1713,0.1357
2018,STP,Sao Tome and Principe,0.0034,0.0027
2018,SUR,Suriname,0.1024,0.0422
2018,SVK,Slovakia,0.9,0.55
2018,SVN,Slovenia,0.29,0.48
2018,SWE,Sweden,0.88,1.44
2018,SWZ,Eswatini,0.0176,0.014
2018,SYC,Seychelles,0.0018,0.0014
2018,SYR,Syria,0.1669,0.2507
2018,TCD,Chad,0.2951,0.234
2018,TGO,Togo,0.1366,0.1083
2018,THA,Thailand,15.755,2.3983
2018,TJK,Tajikistan,0.2914,0.3406
2018,TKM,Turkmenistan,0.51,0.5961
2018,TLS,Timor-Leste,0.0899,0.0517
2018,TON,Tonga,0.0084,0.006
2018,TTO,Trinidad and Tobago,0.138,0.0996
2018,TUN,Tunisia,0.3562,0.5013
2018,TUR,Turkey,1.2,3.6
2018,TUV,Tuvalu,0.0008,0.0006
2018,TWN,Taiwan,1.0497,0.9054
2018,TZA,Tanzania,0.7286,0.5775
2018,UGA,Uganda,0.7221,0.5724
2018,UKR,Ukraine,4.8119,7.265
2018,URY,Uruguay,0.5415,0.2234
2018,USA,United States,80.6957,62.9563
2018,UZB,Uzbekistan,0.7286,0.8517
2018,VAT,Vatican City,0.0001,0.0001
2018,VCT,Saint Vincent and the Grenadines,0.0092,0.0066
2018,VEN,Venezuela,4.5629,1.8823
2018,VNM,Vietnam,1.7032,0.5596
2018,VUT,Vanuatu,0.0274,0.0192
2018,WSM,Samoa,0.0179,0.0125
2018,XKX,Kosovo,0.0502,0.054
2018,YEM,Yemen,1.0087,1.5149
2018,ZAF,South Africa,0.9367,0.7425
2018,ZMB,Zambia,0.2602,0.2063
2018,ZWE,Zimbabwe,0.3643,0.2888
2019,AFG,Afghanistan,0.3181,0.2461
2019,AGO,Angola,0.5588,0.4446
2019,ALB,Albania,0.1019,0.109
2019,AND,Andorra,0.0089,0.0106
2019,ARE,United Arab Emirates,0.5626,0.8531
2019,ARG,Argentina,8.2096,2.7608
2019,ARM,Armenia,0.2251,0.3412
2019,ATG,Antigua and Barbuda,0.0087,0.0063
2019,AUS,Australia,4.5661,3.6476
2019,AUT,Austria,0.827,2.034
2019,AZE,Azerbaijan,0.45,0.6825
2019,BDI,Burundi,0.206,0.1639
2019,BEL,Belgium,1.32,2.05
2019,BEN,Benin,0.2121,0.1687
2019,BFA,Burkina Faso,0.3446,0.2742
2019,BGD,Bangladesh,1.8444,1.427
2019,BGR,Bulgaria,0.7405,0.801
2019,BHR,Bahrain,0.0401,0.0608
2019,BHS,Bahamas,0.0373,0.0271
2019,BIH,Bosnia and Herzegovina,0.1834,0.197
2019,BLR,Belarus,0.5471,0.6536
2019,BLZ,Belize,0.0533,0.0278
2019,BOL,Bolivia,2.0433,0.8467
2019,BRA,Brazil,54.2719,11.4688
2019,BRB,Barbados,0.0261,0.0189
2019,BRN,Brunei,0.0301,0.0174
2019,BTN,Bhutan,0.0083,0.0064
2019,BWA,Botswana,0.159,0.1266
2019,CAF,Central African Republic,0.0789,0.0628
2019,CAN,Canada,8.029,7.4952
2019,CHE,Switzerland,0.504,1.6774
2019,CHL,Chile,1.4575,0.6039
2019,CHN,China,55.03,44.12
2019,CIV,Ivory Coast,0.4241,0.3374
2019,CMR,Cameroon,0.3181,0.2531
2019,COD,DR Congo,1.6152,1.285
2019,COG,Republic of the Congo,0.0929,0.0738
2019,COL,Colombia,4.4618,1.8487
2019,COM,Comoros,0.0127,0.0101
2019,CPV,Cape Verde,0.0076,0.006
2019,CRI,Costa Rica,0.6502,0.3385
2019,CUB,Cuba,1.0127,0.7344
2019,CYP,Cyprus,0.0573,0.0526
2019,CZE,Czechia,2.0976,1.2522
2019,DEU,Germany,10.029,15.0881
2019,DJI,Djibouti,0.017,0.0135
2019,DMA,Dominica,0.0061,0.0044
2019,DNK,Denmark,0.601,0.6725
2019,DOM,Dominican Republic,1.0668,0.7736
2019,DZA,Algeria,0.9025,1.2796
2019,ECU,Ecuador,2.9702,1.2307
2019,EGY,Egypt,1.5041,2.1328
2019,ERI,Eritrea,0.0516,0.0411
2019,ESP,Spain,6.4974,3.4548
2019,EST,Estonia,0.2221,0.285
2019,ETH,Ethiopia,1.0604,0.8436
2019,FIN,Finland,0.782,0.9319
2019,FJI,Fiji,0.0772,0.0544
2019,FRA,France,7.2198,14.2776
2019,FSM,Micronesia,0.0095,0.0067
2019,GAB,Gabon,0.0371,0.0295
2019,GBR,United Kingdom,8.7464,7.6974
2019,GEO,Georgia,0.2813,0.4265
2019,GHA,Ghana,0.5302,0.4218
2019,GIN,Guinea,0.2161,0.1719
2019,GMB,Gambia,0.0404,0.0322
2019,GNB,Guinea-Bissau,0.0322,0.0256
2019,GNQ,Equatorial Guinea,0.0278,0.0221
2019,GRC,Greece,0.66,0.6
2019,GRD,Grenada,0.0109,0.0079
2019,GTM,Guatemala,2.3579,1.2276
2019,GUY,Guyana,0.1358,0.0563
2019,HND,Honduras,1.3886,0.7229
2019,HRV,Croatia,0.7196,0.42
2019,HTI,Haiti,1.1025,0.7995
2019,HUN,Hungary,1.5553,2.1587
2019,IDN,Indonesia,3.5388,2.0511
2019,IND,India,10.6039,8.2043
2019,IRL,Ireland,0.4525,0.325
2019,IRN,Iran,2.1207,1.6408
2019,IRQ,Iraq,0.2813,0.4265
2019,ISL,Iceland,0.0252,0.0354
2019,ISR,Israel,0.2324,0.3524
2019,ITA,Italy,7.6234,7.6085
2019,JAM,Jamaica,0.2627,0.1905
2019,JOR,Jordan,0.1688,0.2559
2019,JPN,Japan,6.8256,8.4004
2019,KAZ,Kazakhstan,1.4768,1.7352
2019,KEN,Kenya,1.0604,0.8436
2019,KGZ,Kyrgyzstan,0.3692,0.4338
2019,KHM,Cambodia,1.152,0.6677
2019,KIR,Kiribati,0.0113,0.008
2019,KNA,Saint Kitts and Nevis,0.0043,0.0031
2019,KOR,South Korea,3.1587,1.6408
2019,KWT,Kuwait,0.1227,0.1861
2019,LAO,Laos,0.5082,0.2946
2019,LBN,Lebanon,0.1428,0.2166
2019,LBR,Liberia,0.0821,0.0652
2019,LBY,Libya,0.3008,0.4265
2019,LCA,Saint Lucia,0.0167,0.0121
2019,LIE,Liechtenstein,0.002,0.0076
2019,LKA,Sri Lanka,0.2438,0.1886
2019,LSO,Lesotho,0.0339,0.0269
2019,LTU,Lithuania,0.555,0.6
2019,LUX,Luxembourg,0.0699,0.0985
2019,LVA,Latvia,0.2625,0.4
2019,MAR,Morocco,0.6017,0.8531
2019,MCO,Monaco,0.0041,0.005
2019,MDA,Moldova,0.1873,0.1999
2019,MDG,Madagascar,0.3181,0.2531
2019,MDV,Maldives,0.0056,0.0043
2019,MEX,Mexico,11.4704,5.9718
2019,MHL,Marshall Islands,0.003,0.0022
2019,MKD,North Macedonia,0.0835,0.0889
2019,MLI,Mali,0.3607,0.2869
2019,MLT,Malta,0.0719,0.0832
2019,MMR,Myanmar,3.5405,2.052
2019,MNE,Montenegro,0.0379,0.0411
2019,MNG,Mongolia,0.1619,0.1414
2019,MOZ,Mozambique,0.51,0.4058
2019,MRT,Mauritania,0.0761,0.0605
2019,MUS,Mauritius,0.0182,0.0145
2019,MWI,Malawi,0.318,0.253
2019,MYS,Malaysia,0.6073,1.6408
2019,NAM,Namibia,0.106,0.0844
2019,NER,Niger,0.3997,0.3179
2019,NGA,Nigeria,3.1812,2.5309
2019,NIC,Nicaragua,0.8842,0.4603
2019,NLD,Netherlands,1.7216,2.8608
2019,NOR,Norway,0.475,0.77
2019,NPL,Nepal,0.3109,0.2406
2019,NRU,Nauru,0.001,0.0007
2019,NZL,New Zealand,1.0271,0.8122
2019,OMN,Oman,0.1342,0.2034
2019,PAK,Pakistan,5.3019,4.1022
2019,PAN,Panama,0.5768,0.3003
2019,PER,Peru,5.6218,2.3294
2019,PHL,Philippines,16.8682,0.8205
2019,PLW,Palau,0.0015,0.001
2019,PNG,Papua New Guinea,0.2465,0.1735
2019,POL,Poland,7.724,6.597
2019,PRK,North Korea,1.2229,1.0682
2019,PRT,Portugal,2.09,1.5
2019,PRY,Paraguay,1.139,0.4719
2019,PSE,Palestine,0.1365,0.207
2019,QAT,Qatar,0.076,0.1154
2019,ROU,Romania,4.0743,4.31
2019,RUS,Russian Federation,17.2988,22.6247
2019,RWA,Rwanda,0.2086,0.166
2019,SAU,Saudi Arabia,0.8439,1.2796
2019,SDN,Sudan,1.0257,1.4544
2019,SEN,Senegal,0.271,0.2156
2019,SGP,Singapore,0.2512,0.1456
2019,SLB,Solomon Islands,0.0695,0.0489
2019,SLE,Sierra Leone,0.1262,0.1004
2019,SLV,El Salvador,0.8032,0.4182
2019,SMR,San Marino,0.0036,0.0043
2019,SOM,Somalia,0.2813,0.2239
2019,SRB,Serbia,0.4494,0.502
2019,SSD,South Sudan,0.1745,0.1388
2019,STP,Sao Tome and Principe,0.0034,0.0027
2019,SUR,Suriname,0.1039,0.0431
2019,SVK,Slovakia,0.895,0.55
2019,SVN,Slovenia,0.2925,0.4648
2019,SWE,Sweden,0.885,1.4599
2019,SWZ,Eswatini,0.018,0.0143
2019,SYC,Seychelles,0.0019,0.0015
2019,SYR,Syria,0.1688,0.2559
2019,TCD,Chad,0.3007,0.2392
2019,TGO,Togo,0.1392,0.1107
2019,THA,Thailand,16.0504,2.4613
2019,TJK,Tajikistan,0.2953,0.347
2019,TKM,Turkmenistan,0.5169,0.6073
2019,TLS,Timor-Leste,0.0916,0.0531
2019,TON,Tonga,0.0086,0.0061
2019,TTO,Trinidad and Tobago,0.1399,0.1015
2019,TUN,Tunisia,0.361,0.5119
2019,TUR,Turkey,1.21,3.8419
2019,TUV,Tuvalu,0.0008,0.0006
2019,TWN,Taiwan,1.0638,0.9292
2019,TZA,Tanzania,0.7423,0.5905
2019,UGA,Uganda,0.7356,0.5852
2019,UKR,Ukraine,4.8408,7.3304
2019,URY,Uruguay,0.5497,0.2278
2019,USA,United States,82.7171,65.366
2019,UZB,Uzbekistan,0.7384,0.8676
2019,VAT,Vatican City,0.0001,0.0001
2019,VCT,Saint Vincent and the Grenadines,0.0093,0.0067
2019,VEN,Venezuela,4.6313,1.919
2019,VNM,Vietnam,1.7352,0.5743
2019,VUT,Vanuatu,0.0278,0.0195
2019,WSM,Samoa,0.0181,0.0128
2019,XKX,Kosovo,0.0505,0.0545
2019,YEM,Yemen,1.02,1.5467
2019,ZAF,South Africa,0.9543,0.7592
2019,ZMB,Zambia,0.2651,0.211
2019,ZWE,Zimbabwe,0.3711,0.2953
2020,AFG,Afghanistan,0.3241,0.2526
2020,AGO,Angola,0.5693,0.4546
2020,ALB,Albania,0.1025,0.11
2020,AND,Andorra,0.009,0.0107
2020,ARE,United Arab Emirates,0.5689,0.871
2020,ARG,Argentina,8.3327,2.8146
2020,ARM,Armenia,0.2276,0.3484
2020,ATG,Antigua and Barbuda,0.0088,0.0064
2020,AUS,Australia,4.4907,3.5672
2020,AUT,Austria,0.827,2.034
2020,AZE,Azerbaijan,0.4551,0.6968
2020,BDI,Burundi,0.2099,0.1676
2020,BEL,Belgium,1.325,2.05
2020,BEN,Benin,0.2161,0.1725
2020,BFA,Burkina Faso,0.3511,0.2804
2020,BGD,Bangladesh,1.879,1.4645
2020,BGR,Bulgaria,0.741,0.802
2020,BHR,Bahrain,0.0406,0.0621
2020,BHS,Bahamas,0.0378,0.0276
2020,BIH,Bosnia and Herzegovina,0.1845,0.1988
2020,BLR,Belarus,0.5504,0.6595
2020,BLZ,Belize,0.0542,0.0284
2020,BOL,Bolivia,2.074,0.8632
2020,BRA,Brazil,54.3438,11.4342
2020,BRB,Barbados,0.0265,0.0193
2020,BRN,Brunei,0.0307,0.0179
2020,BTN,Bhutan,0.0085,0.0066
2020,BWA,Botswana,0.162,0.1294
2020,CAF,Central African Republic,0.0804,0.0642
2020,CAN,Canada,7.8615,6.7685
2020,CHE,Switzerland,0.503,1.722
2020,CHL,Chile,1.4794,0.6157
2020,CHN,China,53.0505,44.7088
2020,CIV,Ivory Coast,0.4321,0.345
2020,CMR,Cameroon,0.3241,0.2588
2020,COD,DR Congo,1.6455,1.3139
2020,COG,Republic of the Congo,0.0946,0.0755
2020,COL,Colombia,4.5287,1.8848
2020,COM,Comoros,0.0129,0.0103
2020,CPV,Cape Verde,0.0077,0.0061
2020,CRI,Costa Rica,0.6609,0.3456
2020,CUB,Cuba,1.0264,0.7482
2020,CYP,Cyprus,0.0576,0.0531
2020,CZE,Czechia,2.2,1.12
2020,DEU,Germany,10.7,15.7
2020,DJI,Djibouti,0.0173,0.0138
2020,DMA,Dominica,0.0062,0.0045
2020,DNK,Denmark,0.607,0.67
2020,DOM,Dominican Republic,1.0812,0.7881
2020,DZA,Algeria,0.9147,1.3065
2020,ECU,Ecuador,3.0148,1.2547
2020,EGY,Egypt,1.5244,2.1776
2020,ERI,Eritrea,0.0526,0.042
2020,ESP,Spain,6.7331,3.7951
2020,EST,Estonia,0.235,0.285
2020,ETH,Ethiopia,1.0803,0.8626
2020,FIN,Finland,0.755,0.965
2020,FJI,Fiji,0.0784,0.0554
2020,FRA,France,7.5,15.1
2020,FSM,Micronesia,0.0096,0.0068
2020,GAB,Gabon,0.0378,0.0302
2020,GBR,United Kingdom,8.5,7.9
2020,GEO,Georgia,0.2845,0.4355
2020,GHA,Ghana,0.5401,0.4313
2020,GIN,Guinea,0.2202,0.1758
2020,GMB,Gambia,0.0412,0.0329
2020,GNB,Guinea-Bissau,0.0328,0.0262
2020,GNQ,Equatorial Guinea,0.0283,0.0226
2020,GRC,Greece,0.66,0.6
2020,GRD,Grenada,0.011,0.008
2020,GTM,Guatemala,2.3968,1.2534
2020,GUY,Guyana,0.1378,0.0574
2020,HND,Honduras,1.4115,0.7381
2020,HRV,Croatia,0.7239,0.4238
2020,HTI,Haiti,1.1174,0.8145
2020,HUN,Hungary,2.05,2.33
2020,IDN,Indonesia,3.6052,2.1049
2020,IND,India,10.8027,8.4197
2020,IRL,Ireland,0.455,0.325
2020,IRN,Iran,2.1605,1.6839
2020,IRQ,Iraq,0.2845,0.4355
2020,ISL,Iceland,0.0254,0.0357
2020,ISR,Israel,0.235,0.3598
2020,ITA,Italy,8.3,7.93
2020,JAM,Jamaica,0.2662,0.1941
2020,JOR,Jordan,0.1707,0.2613
2020,JPN,Japan,6.2197,8.0829
2020,KAZ,Kazakhstan,1.4967,1.7677
2020,KEN,Kenya,1.0803,0.8626
2020,KGZ,Kyrgyzstan,0.3742,0.4419
2020,KHM,Cambodia,1.1736,0.6852
2020,KIR,Kiribati,0.0115,0.0081
2020,KNA,Saint Kitts and Nevis,0.0044,0.0032
2020,KOR,South Korea,3.2013,1.6839
2020,KWT,Kuwait,0.1241,0.19
2020,LAO,Laos,0.5177,0.3023
2020,LBN,Lebanon,0.1444,0.2211
2020,LBR,Liberia,0.0836,0.0667
2020,LBY,Libya,0.3049,0.4355
2020,LCA,Saint Lucia,0.0169,0.0123
2020,LIE,Liechtenstein,0.002,0.0077
2020,LKA,Sri Lanka,0.2484,0.1936
2020,LSO,Lesotho,0.0345,0.0275
2020,LTU,Lithuania,0.56,0.6
2020,LUX,Luxembourg,0.0703,0.0994
2020,LVA,Latvia,0.265,0.4
2020,MAR,Morocco,0.6098,0.871
2020,MCO,Monaco,0.0041,0.005
2020,MDA,Moldova,0.1884,0.2017
2020,MDG,Madagascar,0.3241,0.2588
2020,MDV,Maldives,0.0057,0.0044
2020,MEX,Mexico,11.6597,6.0972
2020,MHL,Marshall Islands,0.003,0.0022
2020,MKD,North Macedonia,0.084,0.0897
2020,MLI,Mali,0.3675,0.2934
2020,MLT,Malta,0.0723,0.0839
2020,MMR,Myanmar,3.6069,2.1059
2020,MNE,Montenegro,0.0381,0.0415
2020,MNG,Mongolia,0.1641,0.1451
2020,MOZ,Mozambique,0.5196,0.4149
2020,MRT,Mauritania,0.0775,0.0619
2020,MUS,Mauritius,0.0185,0.0148
2020,MWI,Malawi,0.324,0.2587
2020,MYS,Malaysia,0.6187,1.6839
2020,NAM,Namibia,0.108,0.0863
2020,NER,Niger,0.4072,0.3251
2020,NGA,Nigeria,3.2408,2.5878
2020,NIC,Nicaragua,0.8988,0.47
2020,NLD,Netherlands,1.95,3.1
2020,NOR,Norway,0.48,0.77
2020,NPL,Nepal,0.3167,0.2469
2020,NRU,Nauru,0.001,0.0007
2020,NZL,New Zealand,1.0363,0.8232
2020,OMN,Oman,0.1357,0.2077
2020,PAK,Pakistan,5.4013,4.2099
2020,PAN,Panama,0.5863,0.3066
2020,PER,Peru,5.7061,2.3748
2020,PHL,Philippines,18.119,0.842
2020,PLW,Palau,0.0015,0.001
2020,PNG,Papua New Guinea,0.2502,0.1768
2020,POL,Poland,7.85,6.8
2020,PRK,North Korea,1.2394,1.0962
2020,PRT,Portugal,2.08,1.5
2020,PRY,Paraguay,1.1561,0.4811
2020,PSE,Palestine,0.138,0.2113
2020,QAT,Qatar,0.0769,0.1178
2020,ROU,Romania,4.15,4.32
2020,RUS,Russian Federation,17.1,22.75
2020,RWA,Rwanda,0.2125,0.1697
2020,SAU,Saudi Arabia,0.8534,1.3065
2020,SDN,Sudan,1.0395,1.4849
2020,SEN,Senegal,0.2761,0.2205
2020,SGP,Singapore,0.2559,0.1494
2020,SLB,Solomon Islands,0.0705,0.0498
2020,SLE,Sierra Leone,0.1286,0.1027
2020,SLV,El Salvador,0.8165,0.427
2020,SMR,San Marino,0.0036,0.0043
2020,SOM,Somalia,0.2866,0.2289
2020,SRB,Serbia,0.4521,0.5065
2020,SSD,South Sudan,0.1778,0.1419
2020,STP,Sao Tome and Principe,0.0035,0.0028
2020,SUR,Suriname,0.1055,0.0439
2020,SVK,Slovakia,0.89,0.55
2020,SVN,Slovenia,0.295,0.45
2020,SWE,Sweden,0.89,1.48
2020,SWZ,Eswatini,0.0183,0.0146
2020,SYC,Seychelles,0.0019,0.0015
2020,SYR,Syria,0.1707,0.2613
2020,TCD,Chad,0.3063,0.2446
2020,TGO,Togo,0.1418,0.1132
2020,THA,Thailand,16.3513,2.5259
2020,TJK,Tajikistan,0.2993,0.3535
2020,TKM,Turkmenistan,0.5239,0.6187
2020,TLS,Timor-Leste,0.0933,0.0545
2020,TON,Tonga,0.0087,0.0062
2020,TTO,Trinidad and Tobago,0.1418,0.1034
2020,TUN,Tunisia,0.3659,0.5226
2020,TUR,Turkey,1.22,4.1
2020,TUV,Tuvalu,0.0008,0.0006
2020,TWN,Taiwan,1.0782,0.9536
2020,TZA,Tanzania,0.7562,0.6038
2020,UGA,Uganda,0.7494,0.5984
2020,UKR,Ukraine,4.8698,7.3964
2020,URY,Uruguay,0.5579,0.2322
2020,USA,United States,84.7891,67.868
2020,UZB,Uzbekistan,0.7484,0.8839
2020,VAT,Vatican City,0.0001,0.0001
2020,VCT,Saint Vincent and the Grenadines,0.0094,0.0068
2020,VEN,Venezuela,4.7008,1.9564
2020,VNM,Vietnam,1.7677,0.5894
2020,VUT,Vanuatu,0.0282,0.0199
2020,WSM,Samoa,0.0184,0.013
2020,XKX,Kosovo,0.0508,0.055
2020,YEM,Yemen,1.0315,1.5792
2020,ZAF,South Africa,0.9722,0.7763
2020,ZMB,Zambia,0.2701,0.2157
2020,ZWE,Zimbabwe,0.3781,0.3019
2021,AFG,Afghanistan,0.3322,0.2614
2021,AGO,Angola,0.5836,0.4683
2021,ALB,Albania,0.1033,0.1113
2021,AND,Andorra,0.009,0.0109
2021,ARE,United Arab Emirates,0.5775,0.8954
2021,ARG,Argentina,8.4994,2.8878
2021,ARM,Armenia,0.231,0.3582
2021,ATG,Antigua and Barbuda,0.009,0.0066
2021,AUS,Australia,4.5446,3.6314
2021,AUT,Austria,0.837,1.985
2021,AZE,Azerbaijan,0.462,0.7163
2021,BDI,Burundi,0.2151,0.1726
2021,BEL,Belgium,1.34,2.085
2021,BEN,Benin,0.2215,0.1777
2021,BFA,Burkina Faso,0.3599,0.2888
2021,BGD,Bangladesh,1.9259,1.5157
2021,BGR,Bulgaria,0.75,0.815
2021,BHR,Bahrain,0.0412,0.0639
2021,BHS,Bahamas,0.0385,0.0283
2021,BIH,Bosnia and Herzegovina,0.186,0.2011
2021,BLR,Belarus,0.5548,0.6674
2021,BLZ,Belize,0.0554,0.0292
2021,BOL,Bolivia,2.1155,0.8856
2021,BRA,Brazil,55.4307,11.7315
2021,BRB,Barbados,0.027,0.0198
2021,BRN,Brunei,0.0314,0.0185
2021,BTN,Bhutan,0.0087,0.0069
2021,BWA,Botswana,0.1661,0.1333
2021,CAF,Central African Republic,0.0824,0.0661
2021,CAN,Canada,7.9559,6.8903
2021,CHE,Switzerland,0.544,1.853
2021,CHL,Chile,1.5089,0.6317
2021,CHN,China,54.0054,46.2736
2021,CIV,Ivory Coast,0.4429,0.3554
2021,CMR,Cameroon,0.3322,0.2665
2021,COD,DR Congo,1.6866,1.3534
2021,COG,Republic of the Congo,0.0969,0.0778
2021,COL,Colombia,4.6192,1.9338
2021,COM,Comoros,0.0132,0.0106
2021,CPV,Cape Verde,0.0079,0.0063
2021,CRI,Costa Rica,0.6755,0.3553
2021,CUB,Cuba,1.0449,0.7669
2021,CYP,Cyprus,0.0581,0.0537
2021,CZE,Czechia,2.205,1.15
2021,DEU,Germany,10.3,16.7
2021,DJI,Djibouti,0.0177,0.0142
2021,DMA,Dominica,0.0063,0.0046
2021,DNK,Denmark,0.61,0.68
2021,DOM,Dominican Republic,1.1006,0.8078
2021,DZA,Algeria,0.9311,1.3431
2021,ECU,Ecuador,3.0751,1.2873
2021,EGY,Egypt,1.5519,2.2386
2021,ERI,Eritrea,0.0539,0.0433
2021,ESP,Spain,9.313,5.859
2021,EST,Estonia,0.235,0.29
2021,ETH,Ethiopia,1.1073,0.8885
2021,FIN,Finland,0.76,0.975
2021,FJI,Fiji,0.08,0.0568
2021,FRA,France,7.5,15.1
2021,FSM,Micronesia,0.0097,0.0069
2021,GAB,Gabon,0.0388,0.0311
2021,GBR,United Kingdom,12.0,12.0
2021,GEO,Georgia,0.2887,0.4477
2021,GHA,Ghana,0.5536,0.4442
2021,GIN,Guinea,0.2257,0.1811
2021,GMB,Gambia,0.0422,0.0338
2021,GNB,Guinea-Bissau,0.0336,0.027
2021,GNQ,Equatorial Guinea,0.029,0.0233
2021,GRC,Greece,0.66,0.605
2021,GRD,Grenada,0.0112,0.0082
2021,GTM,Guatemala,2.4496,1.2885
2021,GUY,Guyana,0.1406,0.0588
2021,HND,Honduras,1.4426,0.7588
2021,HRV,Croatia,0.7297,0.4289
2021,HTI,Haiti,1.1375,0.8349
2021,HUN,Hungary,2.8,2.38
2021,IDN,Indonesia,3.6953,2.1786
2021,IND,India,11.0727,8.7144
2021,IRL,Ireland,0.457,0.326
2021,IRN,Iran,2.2145,1.7429
2021,IRQ,Iraq,0.2887,0.4477
2021,ISL,Iceland,0.0256,0.0361
2021,ISR,Israel,0.2385,0.3699
2021,ITA,Italy,8.7,10.05
2021,JAM,Jamaica,0.271,0.1989
2021,JOR,Jordan,0.1732,0.2686
2021,JPN,Japan,6.3317,8.3658
2021,KAZ,Kazakhstan,1.5237,1.8119
2021,KEN,Kenya,1.1073,0.8885
2021,KGZ,Kyrgyzstan,0.3809,0.453
2021,KHM,Cambodia,1.203,0.7092
2021,KIR,Kiribati,0.0117,0.0083
2021,KNA,Saint Kitts and Nevis,0.0045,0.0033
2021,KOR,South Korea,3.2589,1.7429
2021,KWT,Kuwait,0.126,0.1953
2021,LAO,Laos,0.5307,0.3129
2021,LBN,Lebanon,0.1466,0.2273
2021,LBR,Liberia,0.0857,0.0687
2021,LBY,Libya,0.3104,0.4477
2021,LCA,Saint Lucia,0.0172,0.0126
2021,LIE,Liechtenstein,0.002,0.0078
2021,LKA,Sri Lanka,0.2546,0.2004
2021,LSO,Lesotho,0.0353,0.0283
2021,LTU,Lithuania,0.55,0.605
2021,LUX,Luxembourg,0.0709,0.1006
2021,LVA,Latvia,0.27,0.41
2021,MAR,Morocco,0.6208,0.8954
2021,MCO,Monaco,0.0042,0.005
2021,MDA,Moldova,0.1899,0.2041
2021,MDG,Madagascar,0.3322,0.2665
2021,MDV,Maldives,0.0058,0.0046
2021,MEX,Mexico,11.9163,6.268
2021,MHL,Marshall Islands,0.0031,0.0022
2021,MKD,North Macedonia,0.0846,0.0908
2021,MLI,Mali,0.3767,0.3023
2021,MLT,Malta,0.0728,0.0849
2021,MMR,Myanmar,3.6971,2.1796
2021,MNE,Montenegro,0.0384,0.042
2021,MNG,Mongolia,0.167,0.1502
2021,MOZ,Mozambique,0.5326,0.4274
2021,MRT,Mauritania,0.0795,0.0638
2021,MUS,Mauritius,0.019,0.0152
2021,MWI,Malawi,0.3321,0.2665
2021,MYS,Malaysia,0.6342,1.7429
2021,NAM,Namibia,0.1107,0.0888
2021,NER,Niger,0.4173,0.3349
2021,NGA,Nigeria,3.3218,2.6655
2021,NIC,Nicaragua,0.9186,0.4832
2021,NLD,Netherlands,1.85,3.15
2021,NOR,Norway,0.49,0.783
2021,NPL,Nepal,0.3247,0.2555
2021,NRU,Nauru,0.001,0.0007
2021,NZL,New Zealand,1.0487,0.838
2021,OMN,Oman,0.1377,0.2135
2021,PAK,Pakistan,5.5364,4.3572
2021,PAN,Panama,0.5992,0.3152
2021,PER,Peru,5.8202,2.4365
2021,PHL,Philippines,18.572,0.8714
2021,PLW,Palau,0.0015,0.0011
2021,PNG,Papua New Guinea,0.2552,0.1812
2021,POL,Poland,6.4667,4.0822
2021,PRK,North Korea,1.2617,1.1346
2021,PRT,Portugal,2.105,1.51
2021,PRY,Paraguay,1.1792,0.4937
2021,PSE,Palestine,0.1401,0.2172
2021,QAT,Qatar,0.0781,0.1211
2021,ROU,Romania,4.195,4.38
2021,RUS,Russian Federation,17.55,22.95
2021,RWA,Rwanda,0.2178,0.1748
2021,SAU,Saudi Arabia,0.8662,1.3431
2021,SDN,Sudan,1.0583,1.5265
2021,SEN,Senegal,0.283,0.2271
2021,SGP,Singapore,0.2623,0.1546
2021,SLB,Solomon Islands,0.0719,0.0511
2021,SLE,Sierra Leone,0.1318,0.1058
2021,SLV,El Salvador,0.8344,0.4389
2021,SMR,San Marino,0.0037,0.0044
2021,SOM,Somalia,0.2938,0.2358
2021,SRB,Serbia,0.4557,0.5126
2021,SSD,South Sudan,0.1822,0.1462
2021,STP,Sao Tome and Principe,0.0036,0.0029
2021,SUR,Suriname,0.1076,0.045
2021,SVK,Slovakia,0.92,0.55
2021,SVN,Slovenia,0.295,0.455
2021,SWE,Sweden,0.89,1.48
2021,SWZ,Eswatini,0.0188,0.0151
2021,SYC,Seychelles,0.002,0.0016
2021,SYR,Syria,0.1732,0.2686
2021,TCD,Chad,0.314,0.2519
2021,TGO,Togo,0.1453,0.1166
2021,THA,Thailand,16.7601,2.6143
2021,TJK,Tajikistan,0.3047,0.3624
2021,TKM,Turkmenistan,0.5333,0.6342
2021,TLS,Timor-Leste,0.0956,0.0564
2021,TON,Tonga,0.0089,0.0063
2021,TTO,Trinidad and Tobago,0.1444,0.106
2021,TUN,Tunisia,0.3725,0.5373
2021,TUR,Turkey,1.655,4.38
2021,TUV,Tuvalu,0.0008,0.0006
2021,TWN,Taiwan,1.0976,0.9869
2021,TZA,Tanzania,0.7751,0.6219
2021,UGA,Uganda,0.7681,0.6163
2021,UKR,Ukraine,4.9087,7.4852
2021,URY,Uruguay,0.5691,0.2382
2021,USA,United States,85.8066,69.0896
2021,UZB,Uzbekistan,0.7618,0.906
2021,VAT,Vatican City,0.0001,0.0001
2021,VCT,Saint Vincent and the Grenadines,0.0095,0.007
2021,VEN,Venezuela,4.7948,2.0073
2021,VNM,Vietnam,1.8119,0.61
2021,VUT,Vanuatu,0.0287,0.0204
2021,WSM,Samoa,0.0188,0.0134
2021,XKX,Kosovo,0.0512,0.0557
2021,YEM,Yemen,1.047,1.6234
2021,ZAF,South Africa,0.9965,0.7996
2021,ZMB,Zambia,0.2768,0.2221
2021,ZWE,Zimbabwe,0.3875,0.311
2022,AFG,Afghanistan,0.3405,0.2706
2022,AGO,Angola,0.5982,0.4823
2022,ALB,Albania,0.1042,0.1126
2022,AND,Andorra,0.0091,0.011
2022,ARE,United Arab Emirates,0.5861,0.9205
2022,ARG,Argentina,8.6694,2.9628
2022,ARM,Armenia,0.2345,0.3682
2022,ATG,Antigua and Barbuda,0.0092,0.0068
2022,AUS,Australia,4.5991,3.6968
2022,AUT,Austria,0.837,1.985
2022,AZE,Azerbaijan,0.4689,0.7364
2022,BDI,Burundi,0.2205,0.1778
2022,BEL,Belgium,2.029,2.536
2022,BEN,Benin,0.227,0.183
2022,BFA,Burkina Faso,0.3689,0.2974
2022,BGD,Bangladesh,1.9741,1.5688
2022,BGR,Bulgaria,0.752,0.817
2022,BHR,Bahrain,0.0418,0.0657
2022,BHS,Bahamas,0.0392,0.029
2022,BIH,Bosnia and Herzegovina,0.1875,0.2036
2022,BLR,Belarus,0.5592,0.6754
2022,BLZ,Belize,0.0567,0.03
2022,BOL,Bolivia,2.1578,0.9087
2022,BRA,Brazil,56.5393,12.0365
2022,BRB,Barbados,0.0275,0.0203
2022,BRN,Brunei,0.0322,0.0192
2022,BTN,Bhutan,0.009,0.0071
2022,BWA,Botswana,0.1702,0.1373
2022,CAF,Central African Republic,0.0845,0.0681
2022,CAN,Canada,8.0513,7.0144
2022,CHE,Switzerland,0.544,1.853
2022,CHL,Chile,1.5391,0.6481
2022,CHN,China,54.9775,47.8932
2022,CIV,Ivory Coast,0.454,0.3661
2022,CMR,Cameroon,0.3405,0.2745
2022,COD,DR Congo,1.7288,1.394
2022,COG,Republic of the Congo,0.0994,0.0801
2022,COL,Colombia,4.7116,1.984
2022,COM,Comoros,0.0135,0.0109
2022,CPV,Cape Verde,0.0081,0.0065
2022,CRI,Costa Rica,0.6903,0.3652
2022,CUB,Cuba,1.0637,0.7861
2022,CYP,Cyprus,0.0585,0.0543
2022,CZE,Czechia,2.208,1.364
2022,DEU,Germany,10.6,15.2
2022,DJI,Djibouti,0.0181,0.0146
2022,DMA,Dominica,0.0064,0.0047
2022,DNK,Denmark,0.643,0.698
2022,DOM,Dominican Republic,1.1204,0.828
2022,DZA,Algeria,0.9479,1.3807
2022,ECU,Ecuador,3.1366,1.3208
2022,EGY,Egypt,1.5798,2.3012
2022,ERI,Eritrea,0.0553,0.0446
2022,ESP,Spain,9.313,5.86
2022,EST,Estonia,0.2435,0.3004
2022,ETH,Ethiopia,1.135,0.9151
2022,FIN,Finland,0.797,1.002
2022,FJI,Fiji,0.0816,0.0582
2022,FRA,France,7.6,14.9
2022,FSM,Micronesia,0.0099,0.0071
2022,GAB,Gabon,0.0397,0.032
2022,GBR,United Kingdom,12.7,11.9
2022,GEO,Georgia,0.2931,0.4602
2022,GHA,Ghana,0.5675,0.4576
2022,GIN,Guinea,0.2313,0.1865
2022,GMB,Gambia,0.0432,0.0349
2022,GNB,Guinea-Bissau,0.0345,0.0278
2022,GNQ,Equatorial Guinea,0.0297,0.0239
2022,GRC,Greece,0.655,0.606
2022,GRD,Grenada,0.0114,0.0084
2022,GTM,Guatemala,2.5034,1.3245
2022,GUY,Guyana,0.1434,0.0604
2022,HND,Honduras,1.4743,0.78
2022,HRV,Croatia,0.7355,0.434
2022,HTI,Haiti,1.1579,0.8558
2022,HUN,Hungary,2.8,2.38
2022,IDN,Indonesia,3.7877,2.2549
2022,IND,India,11.3495,9.0194
2022,IRL,Ireland,0.52,0.373
2022,IRN,Iran,2.2699,1.8039
2022,IRQ,Iraq,0.2931,0.4602
2022,ISL,Iceland,0.0258,0.0366
2022,ISR,Israel,0.2421,0.3802
2022,ITA,Italy,8.755,10.228
2022,JAM,Jamaica,0.2759,0.2039
2022,JOR,Jordan,0.1758,0.2761
2022,JPN,Japan,6.4456,8.6586
2022,KAZ,Kazakhstan,1.5511,1.8572
2022,KEN,Kenya,1.135,0.9151
2022,KGZ,Kyrgyzstan,0.3878,0.4643
2022,KHM,Cambodia,1.2331,0.7341
2022,KIR,Kiribati,0.0119,0.0085
2022,KNA,Saint Kitts and Nevis,0.0046,0.0034
2022,KOR,South Korea,3.3176,1.8039
2022,KWT,Kuwait,0.1278,0.2008
2022,LAO,Laos,0.5439,0.3238
2022,LBN,Lebanon,0.1488,0.2337
2022,LBR,Liberia,0.0878,0.0708
2022,LBY,Libya,0.316,0.4602
2022,LCA,Saint Lucia,0.0175,0.0129
2022,LIE,Liechtenstein,0.002,0.0079
2022,LKA,Sri Lanka,0.261,0.2074
2022,LSO,Lesotho,0.0362,0.0292
2022,LTU,Lithuania,0.58,0.638
2022,LUX,Luxembourg,0.0714,0.1018
2022,LVA,Latvia,0.268,0.407
2022,MAR,Morocco,0.6319,0.9205
2022,MCO,Monaco,0.0042,0.0051
2022,MDA,Moldova,0.1915,0.2065
2022,MDG,Madagascar,0.3405,0.2745
2022,MDV,Maldives,0.006,0.0047
2022,MEX,Mexico,12.1784,6.4435
2022,MHL,Marshall Islands,0.0032,0.0023
2022,MKD,North Macedonia,0.0853,0.0919
2022,MLI,Mali,0.3861,0.3113
2022,MLT,Malta,0.0734,0.086
2022,MMR,Myanmar,3.7895,2.2559
2022,MNE,Montenegro,0.0387,0.0425
2022,MNG,Mongolia,0.17,0.1554
2022,MOZ,Mozambique,0.5459,0.4402
2022,MRT,Mauritania,0.0814,0.0657
2022,MUS,Mauritius,0.0194,0.0157
2022,MWI,Malawi,0.3404,0.2745
2022,MYS,Malaysia,0.65,1.8039
2022,NAM,Namibia,0.1135,0.0915
2022,NER,Niger,0.4278,0.3449
2022,NGA,Nigeria,3.4049,2.7454
2022,NIC,Nicaragua,0.9388,0.4967
2022,NLD,Netherlands,1.83,3.01
2022,NOR,Norway,0.5,0.72
2022,NPL,Nepal,0.3328,0.2645
2022,NRU,Nauru,0.0011,0.0008
2022,NZL,New Zealand,1.0613,0.8531
2022,OMN,Oman,0.1398,0.2195
2022,PAK,Pakistan,5.6748,4.5097
2022,PAN,Panama,0.6124,0.324
2022,PER,Peru,5.9366,2.4999
2022,PHL,Philippines,19.0363,0.9019
2022,PLW,Palau,0.0015,0.0011
2022,PNG,Papua New Guinea,0.2603,0.1857
2022,POL,Poland,8.109,7.25
2022,PRK,North Korea,1.2844,1.1743
2022,PRT,Portugal,2.84,1.957
2022,PRY,Paraguay,1.2028,0.5065
2022,PSE,Palestine,0.1422,0.2233
2022,QAT,Qatar,0.0793,0.1245
2022,ROU,Romania,4.244,4.424
2022,RUS,Russian Federation,17.643,23.262
2022,RWA,Rwanda,0.2232,0.18
2022,SAU,Saudi Arabia,0.8792,1.3807
2022,SDN,Sudan,1.0773,1.5693
2022,SEN,Senegal,0.2901,0.2339
2022,SGP,Singapore,0.2688,0.16
2022,SLB,Solomon Islands,0.0733,0.0523
2022,SLE,Sierra Leone,0.1351,0.109
2022,SLV,El Salvador,0.8528,0.4512
2022,SMR,San Marino,0.0037,0.0045
2022,SOM,Somalia,0.3012,0.2428
2022,SRB,Serbia,0.4593,0.5188
2022,SSD,South Sudan,0.1868,0.1506
2022,STP,Sao Tome and Principe,0.0037,0.003
2022,SUR,Suriname,0.1097,0.0462
2022,SVK,Slovakia,0.911,0.541
2022,SVN,Slovenia,0.299,0.461
2022,SWE,Sweden,1.051,1.715
2022,SWZ,Eswatini,0.0192,0.0155
2022,SYC,Seychelles,0.002,0.0016
2022,SYR,Syria,0.1758,0.2761
2022,TCD,Chad,0.3218,0.2595
2022,TGO,Togo,0.149,0.1201
2022,THA,Thailand,17.1791,2.7058
2022,TJK,Tajikistan,0.3102,0.3714
2022,TKM,Turkmenistan,0.5429,0.65
2022,TLS,Timor-Leste,0.098,0.0583
2022,TON,Tonga,0.0091,0.0065
2022,TTO,Trinidad and Tobago,0.147,0.1086
2022,TUN,Tunisia,0.3792,0.5523
2022,TUR,Turkey,1.409,4.737
2022,TUV,Tuvalu,0.0008,0.0006
2022,TWN,Taiwan,1.1173,1.0215
2022,TZA,Tanzania,0.7945,0.6406
2022,UGA,Uganda,0.7873,0.6348
2022,UKR,Ukraine,4.948,7.575
2022,URY,Uruguay,0.5805,0.2444
2022,USA,United States,86.8362,70.3332
2022,UZB,Uzbekistan,0.7755,0.9286
2022,VAT,Vatican City,0.0001,0.0001
2022,VCT,Saint Vincent and the Grenadines,0.0097,0.0072
2022,VEN,Venezuela,4.8907,2.0595
2022,VNM,Vietnam,1.8572,0.6314
2022,VUT,Vanuatu,0.0293,0.0209
2022,WSM,Samoa,0.0192,0.0137
2022,XKX,Kosovo,0.0516,0.0563
2022,YEM,Yemen,1.0627,1.6689
2022,ZAF,South Africa,1.0215,0.8236
2022,ZMB,Zambia,0.2837,0.2288
2022,ZWE,Zimbabwe,0.3972,0.3203
2023,AFG,Afghanistan,0.349,0.2801
2023,AGO,Angola,0.6131,0.4968
2023,ALB,Albania,0.105,0.114
2023,AND,Andorra,0.0092,0.0111
2023,ARE,United Arab Emirates,0.5949,0.9463
2023,ARG,Argentina,8.8428,3.0399
2023,ARM,Armenia,0.238,0.3785
2023,ATG,Antigua and Barbuda,0.0093,0.0069
2023,AUS,Australia,4.6543,3.7633
2023,AUT,Austria,0.836,2.019
2023,AZE,Azerbaijan,0.4759,0.757
2023,BDI,Burundi,0.226,0.1831
2023,BEL,Belgium,2.052,3.079
2023,BEN,Benin,0.2327,0.1885
2023,BFA,Burkina Faso,0.3781,0.3063
2023,BGD,Bangladesh,2.0234,1.6237
2023,BGR,Bulgaria,0.729,0.792
2023,BHR,Bahrain,0.0424,0.0675
2023,BHS,Bahamas,0.0399,0.0297
2023,BIH,Bosnia and Herzegovina,0.189,0.206
2023,BLR,Belarus,0.5637,0.6835
2023,BLZ,Belize,0.0579,0.0308
2023,BOL,Bolivia,2.201,0.9323
2023,BRA,Brazil,57.6701,12.3495
2023,BRB,Barbados,0.028,0.0208
2023,BRN,Brunei,0.033,0.0199
2023,BTN,Bhutan,0.0092,0.0074
2023,BWA,Botswana,0.1745,0.1414
2023,CAF,Central African Republic,0.0866,0.0702
2023,CAN,Canada,8.148,7.1406
2023,CHE,Switzerland,0.515,1.52
2023,CHL,Chile,1.5699,0.665
2023,CHN,China,55.9671,49.5694
2023,CIV,Ivory Coast,0.4653,0.377
2023,CMR,Cameroon,0.349,0.2828
2023,COD,DR Congo,1.772,1.4358
2023,COG,Republic of the Congo,0.1018,0.0825
2023,COL,Colombia,4.8058,2.0356
2023,COM,Comoros,0.0139,0.0112
2023,CPV,Cape Verde,0.0083,0.0067
2023,CRI,Costa Rica,0.7055,0.3755
2023,CUB,Cuba,1.0829,0.8058
2023,CYP,Cyprus,0.059,0.055
2023,CZE,Czechia,2.229,1.395
2023,DEU,Germany,10.5,15.7
2023,DJI,Djibouti,0.0186,0.0151
2023,DMA,Dominica,0.0065,0.0049
2023,DNK,Denmark,0.641,0.696
2023,DOM,Dominican Republic,1.1406,0.8487
2023,DZA,Algeria,0.9649,1.4194
2023,ECU,Ecuador,3.1994,1.3552
2023,EGY,Egypt,1.6082,2.3657
2023,ERI,Eritrea,0.0566,0.0459
2023,ESP,Spain,9.463,5.954
2023,EST,Estonia,0.25,0.308
2023,ETH,Ethiopia,1.1633,0.9426
2023,FIN,Finland,0.805,1.013
2023,FJI,Fiji,0.0832,0.0597
2023,FRA,France,7.6,14.9
2023,FSM,Micronesia,0.0101,0.0073
2023,GAB,Gabon,0.0407,0.033
2023,GBR,United Kingdom,11.7,11.4
2023,GEO,Georgia,0.2975,0.4731
2023,GHA,Ghana,0.5817,0.4713
2023,GIN,Guinea,0.2371,0.1921
2023,GMB,Gambia,0.0443,0.0359
2023,GNB,Guinea-Bissau,0.0353,0.0286
2023,GNQ,Equatorial Guinea,0.0304,0.0247
2023,GRC,Greece,0.652,0.604
2023,GRD,Grenada,0.0116,0.0086
2023,GTM,Guatemala,2.5585,1.3616
2023,GUY,Guyana,0.1462,0.0619
2023,HND,Honduras,1.5067,0.8019
2023,HRV,Croatia,0.709,0.419
2023,HTI,Haiti,1.1788,0.8772
2023,HUN,Hungary,2.772,2.356
2023,IDN,Indonesia,3.8824,2.3338
2023,IND,India,11.6333,9.3351
2023,IRL,Ireland,0.517,0.371
2023,IRN,Iran,2.3267,1.867
2023,IRQ,Iraq,0.2975,0.4731
2023,ISL,Iceland,0.026,0.037
2023,ISR,Israel,0.2457,0.3909
2023,ITA,Italy,8.766,10.244
2023,JAM,Jamaica,0.2809,0.209
2023,JOR,Jordan,0.1785,0.2839
2023,JPN,Japan,6.5617,8.9617
2023,KAZ,Kazakhstan,1.579,1.9036
2023,KEN,Kenya,1.1633,0.9426
2023,KGZ,Kyrgyzstan,0.3948,0.4759
2023,KHM,Cambodia,1.2639,0.7597
2023,KIR,Kiribati,0.0122,0.0087
2023,KNA,Saint Kitts and Nevis,0.0046,0.0035
2023,KOR,South Korea,3.3773,1.867
2023,KWT,Kuwait,0.1298,0.2064
2023,LAO,Laos,0.5575,0.3351
2023,LBN,Lebanon,0.151,0.2402
2023,LBR,Liberia,0.09,0.0729
2023,LBY,Libya,0.3216,0.4731
2023,LCA,Saint Lucia,0.0178,0.0133
2023,LIE,Liechtenstein,0.002,0.008
2023,LKA,Sri Lanka,0.2675,0.2147
2023,LSO,Lesotho,0.0371,0.0301
2023,LTU,Lithuania,0.614,0.675
2023,LUX,Luxembourg,0.072,0.103
2023,LVA,Latvia,0.271,0.412
2023,MAR,Morocco,0.6433,0.9463
2023,MCO,Monaco,0.0042,0.0051
2023,MDA,Moldova,0.193,0.209
2023,MDG,Madagascar,0.349,0.2828
2023,MDV,Maldives,0.0061,0.0049
2023,MEX,Mexico,12.4463,6.6239
2023,MHL,Marshall Islands,0.0032,0.0023
2023,MKD,North Macedonia,0.086,0.093
2023,MLI,Mali,0.3957,0.3207
2023,MLT,Malta,0.074,0.087
2023,MMR,Myanmar,3.8842,2.3349
2023,MNE,Montenegro,0.039,0.043
2023,MNG,Mongolia,0.1731,0.1609
2023,MOZ,Mozambique,0.5596,0.4534
2023,MRT,Mauritania,0.0835,0.0676
2023,MUS,Mauritius,0.0199,0.0161
2023,MWI,Malawi,0.3489,0.2827
2023,MYS,Malaysia,0.6663,1.867
2023,NAM,Namibia,0.1163,0.0943
2023,NER,Niger,0.4385,0.3553
2023,NGA,Nigeria,3.49,2.8278
2023,NIC,Nicaragua,0.9594,0.5106
2023,NLD,Netherlands,1.777,3.0
2023,NOR,Norway,0.5,0.72
2023,NPL,Nepal,0.3411,0.2737
2023,NRU,Nauru,0.0011,0.0008
2023,NZL,New Zealand,1.0741,0.8685
2023,OMN,Oman,0.1419,0.2256
2023,PAK,Pakistan,5.8166,4.6676
2023,PAN,Panama,0.6259,0.3331
2023,PER,Peru,6.0554,2.5649
2023,PHL,Philippines,19.5122,0.9335
2023,PLW,Palau,0.0016,0.0011
2023,PNG,Papua New Guinea,0.2655,0.1904
2023,POL,Poland,8.44,7.546
2023,PRK,North Korea,1.3076,1.2154
2023,PRT,Portugal,3.068,2.073
2023,PRY,Paraguay,1.2268,0.5197
2023,PSE,Palestine,0.1443,0.2295
2023,QAT,Qatar,0.0805,0.128
2023,ROU,Romania,4.251,4.432
2023,RUS,Russian Federation,18.062,23.208
2023,RWA,Rwanda,0.2288,0.1854
2023,SAU,Saudi Arabia,0.8924,1.4194
2023,SDN,Sudan,1.0967,1.6132
2023,SEN,Senegal,0.2973,0.2409
2023,SGP,Singapore,0.2756,0.1656
2023,SLB,Solomon Islands,0.0748,0.0536
2023,SLE,Sierra Leone,0.1385,0.1122
2023,SLV,El Salvador,0.8715,0.4638
2023,SMR,San Marino,0.0037,0.0045
2023,SOM,Somalia,0.3087,0.2501
2023,SRB,Serbia,0.463,0.525
2023,SSD,South Sudan,0.1914,0.1551
2023,STP,Sao Tome and Principe,0.0038,0.0031
2023,SUR,Suriname,0.1119,0.0474
2023,SVK,Slovakia,0.909,0.535
2023,SVN,Slovenia,0.301,0.465
2023,SWE,Sweden,1.062,1.732
2023,SWZ,Eswatini,0.0197,0.016
2023,SYC,Seychelles,0.0021,0.0017
2023,SYR,Syria,0.1785,0.2839
2023,TCD,Chad,0.3299,0.2673
2023,TGO,Togo,0.1527,0.1237
2023,THA,Thailand,17.6086,2.8005
2023,TJK,Tajikistan,0.3158,0.3807
2023,TKM,Turkmenistan,0.5527,0.6663
2023,TLS,Timor-Leste,0.1004,0.0604
2023,TON,Tonga,0.0093,0.0066
2023,TTO,Trinidad and Tobago,0.1496,0.1113
2023,TUN,Tunisia,0.386,0.5678
2023,TUR,Turkey,1.453,4.487
2023,TUV,Tuvalu,0.0008,0.0006
2023,TWN,Taiwan,1.1374,1.0572
2023,TZA,Tanzania,0.8143,0.6598
2023,UGA,Uganda,0.807,0.6539
2023,UKR,Ukraine,4.913,7.521
2023,URY,Uruguay,0.5921,0.2508
2023,USA,United States,87.8783,71.5992
2023,UZB,Uzbekistan,0.7895,0.9518
2023,VAT,Vatican City,0.0001,0.0001
2023,VCT,Saint Vincent and the Grenadines,0.0099,0.0074
2023,VEN,Venezuela,4.9885,2.113
2023,VNM,Vietnam,1.9036,0.6535
2023,VUT,Vanuatu,0.0299,0.0214
2023,WSM,Samoa,0.0196,0.014
2023,XKX,Kosovo,0.052,0.057
2023,YEM,Yemen,1.0786,1.7156
2023,ZAF,South Africa,1.047,0.8483
2023,ZMB,Zambia,0.2908,0.2356
2023,ZWE,Zimbabwe,0.4072,0.3299
2024,AFG,Afghanistan,0.3577,0.2899
2024,AGO,Angola,0.6284,0.5117
2024,ALB,Albania,0.09,0.098
2024,AND,Andorra,0.0093,0.0113
2024,ARE,United Arab Emirates,0.6038,0.9728
2024,ARG,Argentina,9.0196,3.1189
2024,ARM,Armenia,0.2415,0.3891
2024,ATG,Antigua and Barbuda,0.0095,0.0071
2024,AUS,Australia,4.7101,3.831
2024,AUT,Austria,0.836,2.019
2024,AZE,Azerbaijan,0.4831,0.7782
2024,BDI,Burundi,0.2316,0.1886
2024,BEL,Belgium,2.085,3.128
2024,BEN,Benin,0.2385,0.1942
2024,BFA,Burkina Faso,0.3875,0.3155
2024,BGD,Bangladesh,2.074,1.6805
2024,BGR,Bulgaria,0.729,0.793
2024,BHR,Bahrain,0.0431,0.0694
2024,BHS,Bahamas,0.0406,0.0304
2024,BIH,Bosnia and Herzegovina,0.184,0.199
2024,BLR,Belarus,0.5682,0.6917
2024,BLZ,Belize,0.0592,0.0317
2024,BOL,Bolivia,2.245,0.9565
2024,BRA,Brazil,58.8235,12.6706
2024,BRB,Barbados,0.0285,0.0213
2024,BRN,Brunei,0.0338,0.0205
2024,BTN,Bhutan,0.0094,0.0076
2024,BWA,Botswana,0.1789,0.1456
2024,CAF,Central African Republic,0.0887,0.0723
2024,CAN,Canada,8.2457,7.2692
2024,CHE,Switzerland,0.515,1.52
2024,CHL,Chile,1.6013,0.6823
2024,CHN,China,56.9745,51.3043
2024,CIV,Ivory Coast,0.477,0.3883
2024,CMR,Cameroon,0.3577,0.2913
2024,COD,DR Congo,1.8163,1.4788
2024,COG,Republic of the Congo,0.1044,0.085
2024,COL,Colombia,4.902,2.0886
2024,COM,Comoros,0.0142,0.0116
2024,CPV,Cape Verde,0.0085,0.0069
2024,CRI,Costa Rica,0.721,0.386
2024,CUB,Cuba,1.1023,0.8259
2024,CYP,Cyprus,0.179,0.055
2024,CZE,Czechia,2.229,1.395
2024,DEU,Germany,10.5,15.9
2024,DJI,Djibouti,0.0191,0.0155
2024,DMA,Dominica,0.0066,0.005
2024,DNK,Denmark,0.618,0.67
2024,DOM,Dominican Republic,1.1611,0.87
2024,DZA,Algeria,0.9823,1.4591
2024,ECU,Ecuador,3.2633,1.3904
2024,EGY,Egypt,1.6372,2.4319
2024,ERI,Eritrea,0.0581,0.0473
2024,ESP,Spain,6.962,4.939
2024,EST,Estonia,0.254,0.313
2024,ETH,Ethiopia,1.1924,0.9709
2024,FIN,Finland,0.798,1.003
2024,FJI,Fiji,0.0849,0.0612
2024,FRA,France,9.7,16.7
2024,FSM,Micronesia,0.0103,0.0075
2024,GAB,Gabon,0.0417,0.034
2024,GBR,United Kingdom,13.4,12.3
2024,GEO,Georgia,0.3019,0.4864
2024,GHA,Ghana,0.5962,0.4854
2024,GIN,Guinea,0.2431,0.1979
2024,GMB,Gambia,0.0454,0.037
2024,GNB,Guinea-Bissau,0.0362,0.0295
2024,GNQ,Equatorial Guinea,0.0312,0.0254
2024,GRC,Greece,0.649,0.601
2024,GRD,Grenada,0.0118,0.0089
2024,GTM,Guatemala,2.6148,1.3998
2024,GUY,Guyana,0.1492,0.0636
2024,HND,Honduras,1.5399,0.8243
2024,HRV,Croatia,0.778,0.456
2024,HTI,Haiti,1.2,0.8991
2024,HUN,Hungary,2.773,2.357
2024,IDN,Indonesia,3.9795,2.4155
2024,IND,India,11.9241,9.6618
2024,IRL,Ireland,0.563,0.404
2024,IRN,Iran,2.3848,1.9324
2024,IRQ,Iraq,0.3019,0.4864
2024,ISL,Iceland,0.028,0.04
2024,ISR,Israel,0.2494,0.4018
2024,ITA,Italy,9.0,11.9
2024,JAM,Jamaica,0.2859,0.2142
2024,JOR,Jordan,0.1812,0.2918
2024,JPN,Japan,6.6798,9.2754
2024,KAZ,Kazakhstan,1.6074,1.9512
2024,KEN,Kenya,1.1924,0.9709
2024,KGZ,Kyrgyzstan,0.4019,0.4878
2024,KHM,Cambodia,1.2955,0.7863
2024,KIR,Kiribati,0.0124,0.0089
2024,KNA,Saint Kitts and Nevis,0.0047,0.0035
2024,KOR,South Korea,3.4381,1.9324
2024,KWT,Kuwait,0.1317,0.2122
2024,LAO,Laos,0.5715,0.3469
2024,LBN,Lebanon,0.1533,0.247
2024,LBR,Liberia,0.0923,0.0751
2024,LBY,Libya,0.3274,0.4864
2024,LCA,Saint Lucia,0.0182,0.0136
2024,LIE,Liechtenstein,0.002,0.009
2024,LKA,Sri Lanka,0.2742,0.2222
2024,LSO,Lesotho,0.038,0.031
2024,LTU,Lithuania,0.312,0.163
2024,LUX,Luxembourg,0.047,0.105
2024,LVA,Latvia,0.274,0.417
2024,MAR,Morocco,0.6549,0.9728
2024,MCO,Monaco,0.0043,0.0052
2024,MDA,Moldova,0.17,0.185
2024,MDG,Madagascar,0.3577,0.2913
2024,MDV,Maldives,0.0063,0.0051
2024,MEX,Mexico,12.7202,6.8093
2024,MHL,Marshall Islands,0.0033,0.0024
2024,MKD,North Macedonia,0.098,0.106
2024,MLI,Mali,0.4056,0.3303
2024,MLT,Malta,0.1,0.023
2024,MMR,Myanmar,3.9813,2.4166
2024,MNE,Montenegro,0.042,0.045
2024,MNG,Mongolia,0.1762,0.1665
2024,MOZ,Mozambique,0.5736,0.467
2024,MRT,Mauritania,0.0856,0.0697
2024,MUS,Mauritius,0.0204,0.0166
2024,MWI,Malawi,0.3576,0.2912
2024,MYS,Malaysia,0.6829,1.9324
2024,NAM,Namibia,0.1192,0.0971
2024,NER,Niger,0.4494,0.3659
2024,NGA,Nigeria,3.5772,2.9126
2024,NIC,Nicaragua,0.9805,0.5249
2024,NLD,Netherlands,1.667,3.001
2024,NOR,Norway,0.553,0.787
2024,NPL,Nepal,0.3496,0.2833
2024,NRU,Nauru,0.0011,0.0008
2024,NZL,New Zealand,1.087,0.8841
2024,OMN,Oman,0.144,0.232
2024,PAK,Pakistan,5.9621,4.8309
2024,PAN,Panama,0.6396,0.3424
2024,PER,Peru,6.1765,2.6316
2024,PHL,Philippines,20.0,0.9662
2024,PLW,Palau,0.0016,0.0012
2024,PNG,Papua New Guinea,0.2708,0.1951
2024,POL,Poland,8.282,7.463
2024,PRK,North Korea,1.3311,1.2579
2024,PRT,Portugal,3.071,2.116
2024,PRY,Paraguay,1.2514,0.5332
2024,PSE,Palestine,0.1465,0.236
2024,QAT,Qatar,0.0817,0.1315
2024,ROU,Romania,4.258,4.439
2024,RUS,Russian Federation,18.481,23.154
2024,RWA,Rwanda,0.2345,0.191
2024,SAU,Saudi Arabia,0.9058,1.4591
2024,SDN,Sudan,1.1164,1.6584
2024,SEN,Senegal,0.3047,0.2481
2024,SGP,Singapore,0.2824,0.1714
2024,SLB,Solomon Islands,0.0763,0.055
2024,SLE,Sierra Leone,0.142,0.1156
2024,SLV,El Salvador,0.8907,0.4768
2024,SMR,San Marino,0.0037,0.0046
2024,SOM,Somalia,0.3164,0.2576
2024,SRB,Serbia,0.513,0.558
2024,SSD,South Sudan,0.1962,0.1598
2024,STP,Sao Tome and Principe,0.0039,0.0031
2024,SUR,Suriname,0.1142,0.0486
2024,SVK,Slovakia,1.436,0.535
2024,SVN,Slovenia,0.305,0.471
2024,SWE,Sweden,1.155,1.723
2024,SWZ,Eswatini,0.0202,0.0165
2024,SYC,Seychelles,0.0021,0.0017
2024,SYR,Syria,0.1812,0.2918
2024,TCD,Chad,0.3381,0.2753
2024,TGO,Togo,0.1565,0.1274
2024,THA,Thailand,18.0488,2.8986
2024,TJK,Tajikistan,0.3215,0.3902
2024,TKM,Turkmenistan,0.5626,0.6829
2024,TLS,Timor-Leste,0.103,0.0625
2024,TON,Tonga,0.0094,0.0068
2024,TTO,Trinidad and Tobago,0.1523,0.1141
2024,TUN,Tunisia,0.3929,0.5837
2024,TUR,Turkey,1.466,4.928
2024,TUV,Tuvalu,0.0009,0.0006
2024,TWN,Taiwan,1.1579,1.0942
2024,TZA,Tanzania,0.8347,0.6796
2024,UGA,Uganda,0.8272,0.6735
2024,UKR,Ukraine,4.536,6.944
2024,URY,Uruguay,0.6039,0.2573
2024,USA,United States,88.9328,72.888
2024,UZB,Uzbekistan,0.8037,0.9756
2024,VAT,Vatican City,0.0001,0.0001
2024,VCT,Saint Vincent and the Grenadines,0.0101,0.0075
2024,VEN,Venezuela,5.0883,2.1679
2024,VNM,Vietnam,1.9512,0.6763
2024,VUT,Vanuatu,0.0305,0.022
2024,WSM,Samoa,0.02,0.0144
2024,XKX,Kosovo,0.048,0.053
2024,YEM,Yemen,1.0948,1.7637
2024,ZAF,South Africa,1.0732,0.8738
2024,ZMB,Zambia,0.2981,0.2427
2024,ZWE,Zimbabwe,0.4173,0.3398
2025,AFG,Afghanistan,0.3667,0.3
2025,AGO,Angola,0.6442,0.527
2025,ALB,Albania,0.0907,0.0992
2025,AND,Andorra,0.0093,0.0114
2025,ARE,United Arab Emirates,0.6129,1.0
2025,ARG,Argentina,9.2,3.2
2025,ARM,Armenia,0.2452,0.4
2025,ATG,Antigua and Barbuda,0.0097,0.0073
2025,AUS,Australia,4.7667,3.9
2025,AUT,Austria,0.8427,2.0432
2025,AZE,Azerbaijan,0.4903,0.8
2025,BDI,Burundi,0.2374,0.1943
2025,BEL,Belgium,2.1017,3.1655
2025,BEN,Benin,0.2444,0.2
2025,BFA,Burkina Faso,0.3972,0.325
2025,BGD,Bangladesh,2.1259,1.7394
2025,BGR,Bulgaria,0.7348,0.8025
2025,BHR,Bahrain,0.0437,0.0713
2025,BHS,Bahamas,0.0413,0.0312
2025,BIH,Bosnia and Herzegovina,0.1855,0.2014
2025,BLR,Belarus,0.5727,0.7
2025,BLZ,Belize,0.0605,0.0326
2025,BOL,Bolivia,2.2899,0.9814
2025,BRA,Brazil,60.0,13.0
2025,BRB,Barbados,0.029,0.0219
2025,BRN,Brunei,0.0347,0.0213
2025,BTN,Bhutan,0.0096,0.0079
2025,BWA,Botswana,0.1833,0.15
2025,CAF,Central African Republic,0.091,0.0744
2025,CAN,Canada,8.3447,7.4
2025,CHE,Switzerland,0.5191,1.5382
2025,CHL,Chile,1.6333,0.7
2025,CHN,China,58.0,53.1
2025,CIV,Ivory Coast,0.4889,0.4
2025,CMR,Cameroon,0.3667,0.3
2025,COD,DR Congo,1.8617,1.5232
2025,COG,Republic of the Congo,0.107,0.0875
2025,COL,Colombia,5.0,2.1429
2025,COM,Comoros,0.0146,0.0119
2025,CPV,Cape Verde,0.0087,0.0071
2025,CRI,Costa Rica,0.7369,0.3968
2025,CUB,Cuba,1.1222,0.8466
2025,CYP,Cyprus,0.1804,0.0557
2025,CZE,Czechia,2.2468,1.4117
2025,DEU,Germany,10.584,16.0908
2025,DJI,Djibouti,0.0195,0.016
2025,DMA,Dominica,0.0068,0.0051
2025,DNK,Denmark,0.6229,0.678
2025,DOM,Dominican Republic,1.182,0.8917
2025,DZA,Algeria,1.0,1.5
2025,ECU,Ecuador,3.3286,1.4265
2025,EGY,Egypt,1.6667,2.5
2025,ERI,Eritrea,0.0595,0.0487
2025,ESP,Spain,7.0177,4.9983
2025,EST,Estonia,0.256,0.3168
2025,ETH,Ethiopia,1.2222,1.0
2025,FIN,Finland,0.8044,1.015
2025,FJI,Fiji,0.0866,0.0627
2025,FRA,France,9.7776,16.9004
2025,FSM,Micronesia,0.0105,0.0076
2025,GAB,Gabon,0.0428,0.035
2025,GBR,United Kingdom,13.5072,12.4476
2025,GEO,Georgia,0.3065,0.5
2025,GHA,Ghana,0.6111,0.5
2025,GIN,Guinea,0.2491,0.2038
2025,GMB,Gambia,0.0466,0.0381
2025,GNB,Guinea-Bissau,0.0371,0.0304
2025,GNQ,Equatorial Guinea,0.032,0.0262
2025,GRC,Greece,0.6542,0.6082
2025,GRD,Grenada,0.012,0.0091
2025,GTM,Guatemala,2.6723,1.439
2025,GUY,Guyana,0.1521,0.0652
2025,HND,Honduras,1.5738,0.8474
2025,HRV,Croatia,0.7842,0.4615
2025,HTI,Haiti,1.2216,0.9216
2025,HUN,Hungary,2.7952,2.3853
2025,IDN,Indonesia,4.0789,2.5
2025,IND,India,12.2222,10.0
2025,IRL,Ireland,0.5675,0.4088
2025,IRN,Iran,2.4444,2.0
2025,IRQ,Iraq,0.3065,0.5
2025,ISL,Iceland,0.0282,0.0405
2025,ISR,Israel,0.2532,0.4131
2025,ITA,Italy,9.072,12.0428
2025,JAM,Jamaica,0.2911,0.2196
2025,JOR,Jordan,0.1839,0.3
2025,JPN,Japan,6.8,9.6
2025,KAZ,Kazakhstan,1.6364,2.0
2025,KEN,Kenya,1.2222,1.0
2025,KGZ,Kyrgyzstan,0.4091,0.5
2025,KHM,Cambodia,1.3279,0.8139
2025,KIR,Kiribati,0.0127,0.0092
2025,KNA,Saint Kitts and Nevis,0.0048,0.0036
2025,KOR,South Korea,3.5,2.0
2025,KWT,Kuwait,0.1337,0.2181
2025,LAO,Laos,0.5858,0.359
2025,LBN,Lebanon,0.1556,0.2539
2025,LBR,Liberia,0.0946,0.0774
2025,LBY,Libya,0.3333,0.5
2025,LCA,Saint Lucia,0.0185,0.0139
2025,LIE,Liechtenstein,0.002,0.0091
2025,LKA,Sri Lanka,0.2811,0.23
2025,LSO,Lesotho,0.039,0.0319
2025,LTU,Lithuania,0.3145,0.165
2025,LUX,Luxembourg,0.0474,0.1063
2025,LVA,Latvia,0.2762,0.422
2025,MAR,Morocco,0.6667,1.0
2025,MCO,Monaco,0.0043,0.0053
2025,MDA,Moldova,0.1714,0.1872
2025,MDG,Madagascar,0.3667,0.3
2025,MDV,Maldives,0.0064,0.0052
2025,MEX,Mexico,13.0,7.0
2025,MHL,Marshall Islands,0.0034,0.0024
2025,MKD,North Macedonia,0.0988,0.1073
2025,MLI,Mali,0.4158,0.3402
2025,MLT,Malta,0.1008,0.0233
2025,MMR,Myanmar,4.0809,2.5012
2025,MNE,Montenegro,0.0423,0.0455
2025,MNG,Mongolia,0.1794,0.1723
2025,MOZ,Mozambique,0.5879,0.481
2025,MRT,Mauritania,0.0877,0.0718
2025,MUS,Mauritius,0.0209,0.0171
2025,MWI,Malawi,0.3666,0.2999
2025,MYS,Malaysia,0.7,2.0
2025,NAM,Namibia,0.1222,0.1
2025,NER,Niger,0.4607,0.3769
2025,NGA,Nigeria,3.6667,3.0
2025,NIC,Nicaragua,1.0021,0.5396
2025,NLD,Netherlands,1.6803,3.037
2025,NOR,Norway,0.5574,0.7964
2025,NPL,Nepal,0.3584,0.2932
2025,NRU,Nauru,0.0011,0.0008
2025,NZL,New Zealand,1.1,0.9
2025,OMN,Oman,0.1462,0.2385
2025,PAK,Pakistan,6.1111,5.0
2025,PAN,Panama,0.6537,0.352
2025,PER,Peru,6.3,2.7
2025,PHL,Philippines,20.5,1.0
2025,PLW,Palau,0.0016,0.0012
2025,PNG,Papua New Guinea,0.2762,0.2
2025,POL,Poland,8.3483,7.5526
2025,PRK,North Korea,1.3551,1.3019
2025,PRT,Portugal,3.0956,2.1414
2025,PRY,Paraguay,1.2764,0.547
2025,PSE,Palestine,0.1487,0.2426
2025,QAT,Qatar,0.0829,0.1352
2025,ROU,Romania,4.2921,4.4923
2025,RUS,Russian Federation,18.9,23.1
2025,RWA,Rwanda,0.2404,0.1967
2025,SAU,Saudi Arabia,0.9194,1.5
2025,SDN,Sudan,1.1365,1.7048
2025,SEN,Senegal,0.3124,0.2556
2025,SGP,Singapore,0.2895,0.1774
2025,SLB,Solomon Islands,0.0778,0.0564
2025,SLE,Sierra Leone,0.1455,0.1191
2025,SLV,El Salvador,0.9103,0.4902
2025,SMR,San Marino,0.0038,0.0046
2025,SOM,Somalia,0.3243,0.2653
2025,SRB,Serbia,0.5171,0.5647
2025,SSD,South Sudan,0.2011,0.1645
2025,STP,Sao Tome and Principe,0.004,0.0032
2025,SUR,Suriname,0.1165,0.0499
2025,SVK,Slovakia,1.4475,0.5414
2025,SVN,Slovenia,0.3074,0.4767
2025,SWE,Sweden,1.1642,1.7437
2025,SWZ,Eswatini,0.0207,0.017
2025,SYC,Seychelles,0.0022,0.0018
2025,SYR,Syria,0.1839,0.3
2025,TCD,Chad,0.3466,0.2836
2025,TGO,Togo,0.1604,0.1312
2025,THA,Thailand,18.5,3.0
2025,TJK,Tajikistan,0.3273,0.4
2025,TKM,Turkmenistan,0.5727,0.7
2025,TLS,Timor-Leste,0.1055,0.0647
2025,TON,Tonga,0.0096,0.007
2025,TTO,Trinidad and Tobago,0.155,0.117
2025,TUN,Tunisia,0.4,0.6
2025,TUR,Turkey,1.5,2.4
2025,TUV,Tuvalu,0.0009,0.0006
2025,TWN,Taiwan,1.1788,1.1325
2025,TZA,Tanzania,0.8556,0.7
2025,UGA,Uganda,0.8478,0.6937
2025,UKR,Ukraine,4.5723,7.0273
2025,URY,Uruguay,0.616,0.264
2025,USA,United States,90.0,74.2
2025,UZB,Uzbekistan,0.8182,1.0
2025,VAT,Vatican City,0.0001,0.0001
2025,VCT,Saint Vincent and the Grenadines,0.0103,0.0077
2025,VEN,Venezuela,5.1901,2.2243
2025,VNM,Vietnam,2.0,0.7
2025,VUT,Vanuatu,0.0311,0.0225
2025,WSM,Samoa,0.0204,0.0147
2025,XKX,Kosovo,0.0484,0.0536
2025,YEM,Yemen,1.1112,1.813
2025,ZAF,South Africa,1.1,0.9
2025,ZMB,Zambia,0.3056,0.25
2025,ZWE,Zimbabwe,0.4278,0.35
2026,AFG,Afghanistan,0.3758,0.3105
2026,AGO,Angola,0.6603,0.5429
2026,ALB,Albania,0.0914,0.1004
2026,AND,Andorra,0.0094,0.0115
2026,ARE,United Arab Emirates,0.6221,1.028
2026,ARG,Argentina,9.384,3.2832
2026,ARM,Armenia,0.2488,0.4112
2026,ATG,Antigua and Barbuda,0.0098,0.0075
2026,AUS,Australia,4.8239,3.9702
2026,AUT,Austria,0.8494,2.0677
2026,AZE,Azerbaijan,0.4977,0.8224
2026,BDI,Burundi,0.2434,0.2001
2026,BEL,Belgium,2.1185,3.2035
2026,BEN,Benin,0.2506,0.206
2026,BFA,Burkina Faso,0.4072,0.3348
2026,BGD,Bangladesh,2.179,1.8002
2026,BGR,Bulgaria,0.7407,0.8121
2026,BHR,Bahrain,0.0444,0.0733
2026,BHS,Bahamas,0.0421,0.032
2026,BIH,Bosnia and Herzegovina,0.187,0.2038
2026,BLR,Belarus,0.5773,0.7084
2026,BLZ,Belize,0.0618,0.0335
2026,BOL,Bolivia,2.3357,1.0069
2026,BRA,Brazil,61.2,13.338
2026,BRB,Barbados,0.0295,0.0224
2026,BRN,Brunei,0.0356,0.022
2026,BTN,Bhutan,0.0099,0.0082
2026,BWA,Botswana,0.1879,0.1545
2026,CAF,Central African Republic,0.0932,0.0767
2026,CAN,Canada,8.4448,7.5332
2026,CHE,Switzerland,0.5233,1.5567
2026,CHL,Chile,1.666,0.7182
2026,CHN,China,59.044,54.9585
2026,CIV,Ivory Coast,0.5011,0.412
2026,CMR,Cameroon,0.3758,0.309
2026,COD,DR Congo,1.9082,1.5689
2026,COG,Republic of the Congo,0.1097,0.0902
2026,COL,Colombia,5.1,2.1986
2026,COM,Comoros,0.0149,0.0123
2026,CPV,Cape Verde,0.0089,0.0073
2026,CRI,Costa Rica,0.7531,0.4079
2026,CUB,Cuba,1.1424,0.8677
2026,CYP,Cyprus,0.1819,0.0563
2026,CZE,Czechia,2.2648,1.4287
2026,DEU,Germany,10.6687,16.2839
2026,DJI,Djibouti,0.02,0.0165
2026,DMA,Dominica,0.0069,0.0052
2026,DNK,Denmark,0.6279,0.6862
2026,DOM,Dominican Republic,1.2033,0.914
2026,DZA,Algeria,1.018,1.542
2026,ECU,Ecuador,3.3952,1.4636
2026,EGY,Egypt,1.6967,2.57
2026,ERI,Eritrea,0.061,0.0502
2026,ESP,Spain,7.0738,5.0582
2026,EST,Estonia,0.2581,0.3206
2026,ETH,Ethiopia,1.2528,1.03
2026,FIN,Finland,0.8108,1.0272
2026,FJI,Fiji,0.0883,0.0643
2026,FRA,France,9.8558,17.1032
2026,FSM,Micronesia,0.0108,0.0078
2026,GAB,Gabon,0.0439,0.0361
2026,GBR,United Kingdom,13.6153,12.597
2026,GEO,Georgia,0.311,0.514
2026,GHA,Ghana,0.6264,0.515
2026,GIN,Guinea,0.2554,0.21
2026,GMB,Gambia,0.0477,0.0392
2026,GNB,Guinea-Bissau,0.038,0.0313
2026,GNQ,Equatorial Guinea,0.0328,0.027
2026,GRC,Greece,0.6594,0.6155
2026,GRD,Grenada,0.0123,0.0093
2026,GTM,Guatemala,2.7311,1.4792
2026,GUY,Guyana,0.1552,0.0669
2026,HND,Honduras,1.6084,0.8711
2026,HRV,Croatia,0.7905,0.467
2026,HTI,Haiti,1.2436,0.9446
2026,HUN,Hungary,2.8175,2.4139
2026,IDN,Indonesia,4.1809,2.5875
2026,IND,India,12.5278,10.35
2026,IRL,Ireland,0.572,0.4138
2026,IRN,Iran,2.5056,2.07
2026,IRQ,Iraq,0.311,0.514
2026,ISL,Iceland,0.0284,0.041
2026,ISR,Israel,0.257,0.4246
2026,ITA,Italy,9.1446,12.1873
2026,JAM,Jamaica,0.2963,0.2251
2026,JOR,Jordan,0.1866,0.3084
2026,JPN,Japan,6.9224,9.936
2026,KAZ,Kazakhstan,1.6658,2.05
2026,KEN,Kenya,1.2528,1.03
2026,KGZ,Kyrgyzstan,0.4165,0.5125
2026,KHM,Cambodia,1.3611,0.8423
2026,KIR,Kiribati,0.0129,0.0094
2026,KNA,Saint Kitts and Nevis,0.0049,0.0037
2026,KOR,South Korea,3.563,2.07
2026,KWT,Kuwait,0.1357,0.2242
2026,LAO,Laos,0.6004,0.3716
2026,LBN,Lebanon,0.1579,0.261
2026,LBR,Liberia,0.0969,0.0797
2026,LBY,Libya,0.3393,0.514
2026,LCA,Saint Lucia,0.0188,0.0143
2026,LIE,Liechtenstein,0.002,0.0092
2026,LKA,Sri Lanka,0.2881,0.238
2026,LSO,Lesotho,0.04,0.0329
2026,LTU,Lithuania,0.317,0.1669
2026,LUX,Luxembourg,0.0478,0.1075
2026,LVA,Latvia,0.2784,0.4271
2026,MAR,Morocco,0.6787,1.028
2026,MCO,Monaco,0.0043,0.0053
2026,MDA,Moldova,0.1727,0.1895
2026,MDG,Madagascar,0.3758,0.309
2026,MDV,Maldives,0.0066,0.0054
2026,MEX,Mexico,13.286,7.196
2026,MHL,Marshall Islands,0.0034,0.0025
2026,MKD,North Macedonia,0.0996,0.1086
2026,MLI,Mali,0.4262,0.3504
2026,MLT,Malta,0.1016,0.0236
2026,MMR,Myanmar,4.1829,2.5887
2026,MNE,Montenegro,0.0427,0.0461
2026,MNG,Mongolia,0.1826,0.1784
2026,MOZ,Mozambique,0.6026,0.4955
2026,MRT,Mauritania,0.0899,0.0739
2026,MUS,Mauritius,0.0214,0.0176
2026,MWI,Malawi,0.3757,0.3089
2026,MYS,Malaysia,0.7175,2.07
2026,NAM,Namibia,0.1253,0.103
2026,NER,Niger,0.4722,0.3882
2026,NGA,Nigeria,3.7583,3.09
2026,NIC,Nicaragua,1.0241,0.5547
2026,NLD,Netherlands,1.6938,3.0735
2026,NOR,Norway,0.5619,0.806
2026,NPL,Nepal,0.3673,0.3035
2026,NRU,Nauru,0.0011,0.0008
2026,NZL,New Zealand,1.1132,0.9162
2026,OMN,Oman,0.1483,0.2451
2026,PAK,Pakistan,6.2639,5.175
2026,PAN,Panama,0.6681,0.3618
2026,PER,Peru,6.426,2.7702
2026,PHL,Philippines,21.0125,1.035
2026,PLW,Palau,0.0017,0.0012
2026,PNG,Papua New Guinea,0.2817,0.205
2026,POL,Poland,8.415,7.6432
2026,PRK,North Korea,1.3795,1.3475
2026,PRT,Portugal,3.1203,2.1671
2026,PRY,Paraguay,1.3019,0.5613
2026,PSE,Palestine,0.1509,0.2494
2026,QAT,Qatar,0.0841,0.139
2026,ROU,Romania,4.3264,4.5462
2026,RUS,Russian Federation,19.0512,23.3772
2026,RWA,Rwanda,0.2464,0.2026
2026,SAU,Saudi Arabia,0.9331,1.542
2026,SDN,Sudan,1.157,1.7525
2026,SEN,Senegal,0.3202,0.2632
2026,SGP,Singapore,0.2967,0.1836
2026,SLB,Solomon Islands,0.0794,0.0578
2026,SLE,Sierra Leone,0.1492,0.1226
2026,SLV,El Salvador,0.9303,0.5039
2026,SMR,San Marino,0.0038,0.0047
2026,SOM,Somalia,0.3324,0.2733
2026,SRB,Serbia,0.5212,0.5715
2026,SSD,South Sudan,0.2061,0.1695
2026,STP,Sao Tome and Principe,0.0041,0.0033
2026,SUR,Suriname,0.1188,0.0512
2026,SVK,Slovakia,1.4591,0.5479
2026,SVN,Slovenia,0.3099,0.4824
2026,SWE,Sweden,1.1736,1.7646
2026,SWZ,Eswatini,0.0212,0.0175
2026,SYC,Seychelles,0.0022,0.0018
2026,SYR,Syria,0.1866,0.3084
2026,TCD,Chad,0.3552,0.2921
2026,TGO,Togo,0.1644,0.1352
2026,THA,Thailand,18.9625,3.105
2026,TJK,Tajikistan,0.3332,0.41
2026,TKM,Turkmenistan,0.583,0.7175
2026,TLS,Timor-Leste,0.1082,0.0669
2026,TON,Tonga,0.0098,0.0071
2026,TTO,Trinidad and Tobago,0.1578,0.1199
2026,TUN,Tunisia,0.4072,0.6168
2026,TUR,Turkey,1.5225,2.4672
2026,TUV,Tuvalu,0.0009,0.0007
2026,TWN,Taiwan,1.2,1.1722
2026,TZA,Tanzania,0.8769,0.721
2026,UGA,Uganda,0.869,0.7145
2026,UKR,Ukraine,4.6089,7.1117
2026,URY,Uruguay,0.6283,0.2709
2026,USA,United States,91.08,75.5356
2026,UZB,Uzbekistan,0.8329,1.025
2026,VAT,Vatican City,0.0001,0.0001
2026,VCT,Saint Vincent and the Grenadines,0.0104,0.0079
2026,VEN,Venezuela,5.2939,2.2821
2026,VNM,Vietnam,2.05,0.7245
2026,VUT,Vanuatu,0.0317,0.0231
2026,WSM,Samoa,0.0208,0.0151
2026,XKX,Kosovo,0.0488,0.0543
2026,YEM,Yemen,1.1279,1.8638
2026,ZAF,South Africa,1.1275,0.927
2026,ZMB,Zambia,0.3132,0.2575
2026,ZWE,Zimbabwe,0.4385,0.3605
